,datetime,price,growing_rate
0,2021-07-09 09:25:00,19.38,0.0
1,2021-07-09 09:30:00,19.38,0.0
2,2021-07-09 09:30:00,19.38,0.0
3,2021-07-09 09:30:00,19.31,-0.003611971104231171
4,2021-07-09 09:30:00,19.31,0.0
5,2021-07-09 09:30:00,19.31,0.0
6,2021-07-09 09:30:00,19.3,-0.0005178663904711334
7,2021-07-09 09:30:00,19.28,-0.0010362694300517505
8,2021-07-09 09:30:00,19.28,0.0
9,2021-07-09 09:30:00,19.28,0.0
10,2021-07-09 09:30:00,19.27,-0.0005186721991702337
11,2021-07-09 09:30:00,19.23,-0.002075765438505406
12,2021-07-09 09:30:00,19.24,0.0005200208008320217
13,2021-07-09 09:30:00,19.27,0.0015592515592515177
14,2021-07-09 09:30:00,19.22,-0.002594706798131896
15,2021-07-09 09:30:00,19.21,-0.0005202913631632278
16,2021-07-09 09:30:00,19.21,0.0
17,2021-07-09 09:30:00,19.21,0.0
18,2021-07-09 09:31:00,19.22,0.0005205622071835503
19,2021-07-09 09:31:00,19.22,0.0
20,2021-07-09 09:31:00,19.22,0.0
21,2021-07-09 09:31:00,19.27,0.002601456815816805
22,2021-07-09 09:31:00,19.22,-0.002594706798131896
23,2021-07-09 09:31:00,19.21,-0.0005202913631632278
24,2021-07-09 09:31:00,19.21,0.0
25,2021-07-09 09:31:00,19.21,0.0
26,2021-07-09 09:31:00,19.21,0.0
27,2021-07-09 09:31:00,19.18,-0.001561686621551317
28,2021-07-09 09:31:00,19.16,-0.0010427528675703845
29,2021-07-09 09:31:00,19.16,0.0
30,2021-07-09 09:31:00,19.15,-0.000521920668058562
31,2021-07-09 09:31:00,19.15,0.0
32,2021-07-09 09:31:00,19.15,0.0
33,2021-07-09 09:31:00,19.14,-0.0005221932114881644
34,2021-07-09 09:31:00,19.13,-0.0005224660397075143
35,2021-07-09 09:31:00,19.15,0.001045478306325176
36,2021-07-09 09:32:00,19.11,-0.002088772845952991
37,2021-07-09 09:32:00,19.14,0.0015698587127159769
38,2021-07-09 09:32:00,19.18,0.002089864158829613
39,2021-07-09 09:32:00,19.2,0.0010427528675702735
40,2021-07-09 09:32:00,19.2,0.0
41,2021-07-09 09:32:00,19.2,0.0
42,2021-07-09 09:32:00,19.21,0.0005208333333335258
43,2021-07-09 09:32:00,19.21,0.0
44,2021-07-09 09:32:00,19.21,0.0
45,2021-07-09 09:32:00,19.21,0.0
46,2021-07-09 09:32:00,19.28,0.0036439354502864063
47,2021-07-09 09:33:00,19.28,0.0
48,2021-07-09 09:33:00,19.28,0.0
49,2021-07-09 09:33:00,19.26,-0.0010373443983402453
50,2021-07-09 09:33:00,19.26,0.0
51,2021-07-09 09:33:00,19.22,-0.0020768431983386737
52,2021-07-09 09:33:00,19.21,-0.0005202913631632278
53,2021-07-09 09:33:00,19.21,0.0
54,2021-07-09 09:33:00,19.21,0.0
55,2021-07-09 09:33:00,19.21,0.0
56,2021-07-09 09:33:00,19.21,0.0
57,2021-07-09 09:33:00,19.2,-0.0005205622071838834
58,2021-07-09 09:33:00,19.2,0.0
59,2021-07-09 09:33:00,19.2,0.0
60,2021-07-09 09:34:00,19.19,-0.0005208333333331927
61,2021-07-09 09:34:00,19.17,-0.0010422094841062712
62,2021-07-09 09:34:00,19.17,0.0
63,2021-07-09 09:34:00,19.18,0.0005216484089722861
64,2021-07-09 09:34:00,19.18,0.0
65,2021-07-09 09:34:00,19.16,-0.0010427528675703845
66,2021-07-09 09:34:00,19.16,0.0
67,2021-07-09 09:34:00,19.13,-0.0015657620041754639
68,2021-07-09 09:34:00,19.15,0.001045478306325176
69,2021-07-09 09:34:00,19.13,-0.00104438642297644
70,2021-07-09 09:34:00,19.13,0.0
71,2021-07-09 09:34:00,19.15,0.001045478306325176
72,2021-07-09 09:35:00,19.15,0.0
73,2021-07-09 09:35:00,19.15,0.0
74,2021-07-09 09:35:00,19.14,-0.0005221932114881644
75,2021-07-09 09:35:00,19.14,0.0
76,2021-07-09 09:35:00,19.14,0.0
77,2021-07-09 09:35:00,19.15,0.0005224660397074032
78,2021-07-09 09:35:00,19.15,0.0
79,2021-07-09 09:35:00,19.15,0.0
80,2021-07-09 09:35:00,19.14,-0.0005221932114881644
81,2021-07-09 09:35:00,19.14,0.0
82,2021-07-09 09:35:00,19.14,0.0
83,2021-07-09 09:35:00,19.14,0.0
84,2021-07-09 09:35:00,19.14,0.0
85,2021-07-09 09:35:00,19.14,0.0
86,2021-07-09 09:35:00,19.14,0.0
87,2021-07-09 09:35:00,19.15,0.0005224660397074032
88,2021-07-09 09:36:00,19.15,0.0
89,2021-07-09 09:36:00,19.15,0.0
90,2021-07-09 09:36:00,19.16,0.0005221932114882755
91,2021-07-09 09:36:00,19.17,0.0005219206680584509
92,2021-07-09 09:36:00,19.18,0.0005216484089722861
93,2021-07-09 09:36:00,19.18,0.0
94,2021-07-09 09:36:00,19.18,0.0
95,2021-07-09 09:36:00,19.19,0.0005213764337852478
96,2021-07-09 09:36:00,19.19,0.0
97,2021-07-09 09:36:00,19.19,0.0
98,2021-07-09 09:36:00,19.19,0.0
99,2021-07-09 09:36:00,19.19,0.0
100,2021-07-09 09:36:00,19.2,0.0005211047420530246
101,2021-07-09 09:36:00,19.2,0.0
102,2021-07-09 09:36:00,19.19,-0.0005208333333331927
103,2021-07-09 09:36:00,19.2,0.0005211047420530246
104,2021-07-09 09:37:00,19.2,0.0
105,2021-07-09 09:37:00,19.21,0.0005208333333335258
106,2021-07-09 09:37:00,19.21,0.0
107,2021-07-09 09:37:00,19.21,0.0
108,2021-07-09 09:37:00,19.21,0.0
109,2021-07-09 09:37:00,19.21,0.0
110,2021-07-09 09:37:00,19.21,0.0
111,2021-07-09 09:37:00,19.22,0.0005205622071835503
112,2021-07-09 09:37:00,19.25,0.0015608740894901274
113,2021-07-09 09:37:00,19.21,-0.002077922077922012
114,2021-07-09 09:37:00,19.23,0.0010411244143675447
115,2021-07-09 09:37:00,19.25,0.0010400416016640435
116,2021-07-09 09:37:00,19.26,0.0005194805194805863
117,2021-07-09 09:37:00,19.26,0.0
118,2021-07-09 09:38:00,19.27,0.0005192107995846129
119,2021-07-09 09:38:00,19.27,0.0
120,2021-07-09 09:38:00,19.26,-0.0005189413596262682
121,2021-07-09 09:38:00,19.23,-0.0015576323987539498
122,2021-07-09 09:38:00,19.23,0.0
123,2021-07-09 09:38:00,19.23,0.0
124,2021-07-09 09:38:00,19.23,0.0
125,2021-07-09 09:38:00,19.23,0.0
126,2021-07-09 09:38:00,19.25,0.0010400416016640435
127,2021-07-09 09:38:00,19.24,-0.0005194805194805863
128,2021-07-09 09:39:00,19.25,0.0005197505197505059
129,2021-07-09 09:39:00,19.25,0.0
130,2021-07-09 09:39:00,19.26,0.0005194805194805863
131,2021-07-09 09:39:00,19.26,0.0
132,2021-07-09 09:39:00,19.25,-0.0005192107995847239
133,2021-07-09 09:39:00,19.25,0.0
134,2021-07-09 09:39:00,19.24,-0.0005194805194805863
135,2021-07-09 09:39:00,19.24,0.0
136,2021-07-09 09:40:00,19.24,0.0
137,2021-07-09 09:40:00,19.22,-0.0010395010395010118
138,2021-07-09 09:40:00,19.25,0.0015608740894901274
139,2021-07-09 09:40:00,19.26,0.0005194805194805863
140,2021-07-09 09:40:00,19.26,0.0
141,2021-07-09 09:40:00,19.24,-0.0010384215991694479
142,2021-07-09 09:40:00,19.28,0.0020790020790022457
143,2021-07-09 09:40:00,19.3,0.0010373443983402453
144,2021-07-09 09:40:00,19.3,0.0
145,2021-07-09 09:41:00,19.3,0.0
146,2021-07-09 09:41:00,19.31,0.0005181347150258198
147,2021-07-09 09:41:00,19.32,0.0005178663904712444
148,2021-07-09 09:41:00,19.33,0.0005175983436851439
149,2021-07-09 09:41:00,19.32,-0.0005173305742368628
150,2021-07-09 09:41:00,19.33,0.0005175983436851439
151,2021-07-09 09:42:00,19.4,0.0036213140196585947
152,2021-07-09 09:42:00,19.38,-0.0010309278350515427
153,2021-07-09 09:42:00,19.38,0.0
154,2021-07-09 09:42:00,19.38,0.0
155,2021-07-09 09:42:00,19.38,0.0
156,2021-07-09 09:42:00,19.38,0.0
157,2021-07-09 09:42:00,19.38,0.0
158,2021-07-09 09:43:00,19.36,-0.0010319917440659854
159,2021-07-09 09:43:00,19.36,0.0
160,2021-07-09 09:43:00,19.35,-0.0005165289256197081
161,2021-07-09 09:43:00,19.35,0.0
162,2021-07-09 09:43:00,19.33,-0.0010335917312662701
163,2021-07-09 09:43:00,19.35,0.0010346611484739476
164,2021-07-09 09:43:00,19.33,-0.0010335917312662701
165,2021-07-09 09:43:00,19.33,0.0
166,2021-07-09 09:43:00,19.35,0.0010346611484739476
167,2021-07-09 09:43:00,19.33,-0.0010335917312662701
168,2021-07-09 09:44:00,19.33,0.0
169,2021-07-09 09:44:00,19.33,0.0
170,2021-07-09 09:44:00,19.32,-0.0005173305742368628
171,2021-07-09 09:44:00,19.32,0.0
172,2021-07-09 09:44:00,19.32,0.0
173,2021-07-09 09:44:00,19.32,0.0
174,2021-07-09 09:44:00,19.32,0.0
175,2021-07-09 09:44:00,19.3,-0.0010351966873706209
176,2021-07-09 09:44:00,19.3,0.0
177,2021-07-09 09:44:00,19.32,0.0010362694300518616
178,2021-07-09 09:45:00,19.32,0.0
179,2021-07-09 09:45:00,19.32,0.0
180,2021-07-09 09:45:00,19.32,0.0
181,2021-07-09 09:45:00,19.32,0.0
182,2021-07-09 09:45:00,19.32,0.0
183,2021-07-09 09:45:00,19.33,0.0005175983436851439
184,2021-07-09 09:45:00,19.34,0.0005173305742369738
185,2021-07-09 09:45:00,19.35,0.0005170630816959676
186,2021-07-09 09:45:00,19.35,0.0
187,2021-07-09 09:45:00,19.36,0.000516795865632913
188,2021-07-09 09:45:00,19.36,0.0
189,2021-07-09 09:45:00,19.37,0.0005165289256199301
190,2021-07-09 09:45:00,19.35,-0.0010325245224573898
191,2021-07-09 09:45:00,19.38,0.0015503875968991832
192,2021-07-09 09:45:00,19.4,0.0010319917440659854
193,2021-07-09 09:46:00,19.41,0.0005154639175257714
194,2021-07-09 09:46:00,19.4,-0.0005151983513653757
195,2021-07-09 09:46:00,19.46,0.0030927835051548502
196,2021-07-09 09:46:00,19.41,-0.002569373072970227
197,2021-07-09 09:46:00,19.45,0.002060793405461059
198,2021-07-09 09:46:00,19.45,0.0
199,2021-07-09 09:46:00,19.46,0.0005141388174807471
200,2021-07-09 09:46:00,19.46,0.0
201,2021-07-09 09:46:00,19.46,0.0
202,2021-07-09 09:46:00,19.44,-0.0010277492291880241
203,2021-07-09 09:46:00,19.46,0.0010288065843622185
204,2021-07-09 09:46:00,19.47,0.0005138746145938455
205,2021-07-09 09:46:00,19.47,0.0
206,2021-07-09 09:47:00,19.48,0.0005136106831022946
207,2021-07-09 09:47:00,19.47,-0.0005133470225873182
208,2021-07-09 09:47:00,19.48,0.0005136106831022946
209,2021-07-09 09:47:00,19.48,0.0
210,2021-07-09 09:47:00,19.48,0.0
211,2021-07-09 09:47:00,19.48,0.0
212,2021-07-09 09:47:00,19.47,-0.0005133470225873182
213,2021-07-09 09:47:00,19.48,0.0005136106831022946
214,2021-07-09 09:47:00,19.46,-0.0010266940451745254
215,2021-07-09 09:47:00,19.48,0.0010277492291881352
216,2021-07-09 09:47:00,19.48,0.0
217,2021-07-09 09:47:00,19.45,-0.0015400410677618437
218,2021-07-09 09:47:00,19.49,0.0020565552699227663
219,2021-07-09 09:47:00,19.41,-0.004104669061056887
220,2021-07-09 09:47:00,19.48,0.003606388459556964
221,2021-07-09 09:47:00,19.48,0.0
222,2021-07-09 09:47:00,19.4,-0.004106776180698213
223,2021-07-09 09:48:00,19.4,0.0
224,2021-07-09 09:48:00,19.4,0.0
225,2021-07-09 09:48:00,19.4,0.0
226,2021-07-09 09:48:00,19.42,0.0010309278350517648
227,2021-07-09 09:48:00,19.42,0.0
228,2021-07-09 09:48:00,19.42,0.0
229,2021-07-09 09:48:00,19.45,0.001544799176107059
230,2021-07-09 09:48:00,19.44,-0.0005141388174806361
231,2021-07-09 09:48:00,19.44,0.0
232,2021-07-09 09:48:00,19.44,0.0
233,2021-07-09 09:48:00,19.44,0.0
234,2021-07-09 09:48:00,19.44,0.0
235,2021-07-09 09:49:00,19.44,0.0
236,2021-07-09 09:49:00,19.43,-0.0005144032921811093
237,2021-07-09 09:49:00,19.43,0.0
238,2021-07-09 09:49:00,19.42,-0.0005146680391147074
239,2021-07-09 09:50:00,19.4,-0.001029866117404854
240,2021-07-09 09:50:00,19.4,0.0
241,2021-07-09 09:50:00,19.4,0.0
242,2021-07-09 09:50:00,19.4,0.0
243,2021-07-09 09:50:00,19.39,-0.0005154639175256603
244,2021-07-09 09:50:00,19.39,0.0
245,2021-07-09 09:50:00,19.4,0.0005157297576068309
246,2021-07-09 09:50:00,19.4,0.0
247,2021-07-09 09:50:00,19.4,0.0
248,2021-07-09 09:50:00,19.38,-0.0010309278350515427
249,2021-07-09 09:51:00,19.38,0.0
250,2021-07-09 09:51:00,19.38,0.0
251,2021-07-09 09:51:00,19.38,0.0
252,2021-07-09 09:51:00,19.38,0.0
253,2021-07-09 09:51:00,19.37,-0.0005159958720328817
254,2021-07-09 09:51:00,19.37,0.0
255,2021-07-09 09:52:00,19.37,0.0
256,2021-07-09 09:52:00,19.36,-0.0005162622612288059
257,2021-07-09 09:52:00,19.35,-0.0005165289256197081
258,2021-07-09 09:52:00,19.35,0.0
259,2021-07-09 09:52:00,19.35,0.0
260,2021-07-09 09:52:00,19.34,-0.0005167958656331351
261,2021-07-09 09:52:00,19.34,0.0
262,2021-07-09 09:53:00,19.33,-0.0005170630816960786
263,2021-07-09 09:53:00,19.33,0.0
264,2021-07-09 09:53:00,19.33,0.0
265,2021-07-09 09:53:00,19.33,0.0
266,2021-07-09 09:53:00,19.33,0.0
267,2021-07-09 09:53:00,19.33,0.0
268,2021-07-09 09:53:00,19.33,0.0
269,2021-07-09 09:53:00,19.33,0.0
270,2021-07-09 09:54:00,19.33,0.0
271,2021-07-09 09:54:00,19.32,-0.0005173305742368628
272,2021-07-09 09:54:00,19.33,0.0005175983436851439
273,2021-07-09 09:54:00,19.33,0.0
274,2021-07-09 09:54:00,19.34,0.0005173305742369738
275,2021-07-09 09:54:00,19.34,0.0
276,2021-07-09 09:54:00,19.35,0.0005170630816959676
277,2021-07-09 09:54:00,19.35,0.0
278,2021-07-09 09:54:00,19.35,0.0
279,2021-07-09 09:54:00,19.35,0.0
280,2021-07-09 09:54:00,19.35,0.0
281,2021-07-09 09:54:00,19.38,0.0015503875968991832
282,2021-07-09 09:55:00,19.35,-0.001547987616098978
283,2021-07-09 09:55:00,19.39,0.002067183462532318
284,2021-07-09 09:55:00,19.43,0.00206291903042799
285,2021-07-09 09:55:00,19.41,-0.0010293360782295258
286,2021-07-09 09:55:00,19.41,0.0
287,2021-07-09 09:55:00,19.41,0.0
288,2021-07-09 09:55:00,19.41,0.0
289,2021-07-09 09:56:00,19.41,0.0
290,2021-07-09 09:56:00,19.41,0.0
291,2021-07-09 09:56:00,19.41,0.0
292,2021-07-09 09:56:00,19.41,0.0
293,2021-07-09 09:57:00,19.4,-0.0005151983513653757
294,2021-07-09 09:57:00,19.4,0.0
295,2021-07-09 09:57:00,19.39,-0.0005154639175256603
296,2021-07-09 09:57:00,19.4,0.0005157297576068309
297,2021-07-09 09:58:00,19.39,-0.0005154639175256603
298,2021-07-09 09:58:00,19.39,0.0
299,2021-07-09 09:58:00,19.39,0.0
300,2021-07-09 09:58:00,19.38,-0.000515729757607053
301,2021-07-09 09:58:00,19.38,0.0
302,2021-07-09 09:58:00,19.38,0.0
303,2021-07-09 09:59:00,19.39,0.0005159958720331037
304,2021-07-09 09:59:00,19.35,-0.00206291903042799
305,2021-07-09 09:59:00,19.35,0.0
306,2021-07-09 09:59:00,19.35,0.0
307,2021-07-09 09:59:00,19.34,-0.0005167958656331351
308,2021-07-09 09:59:00,19.34,0.0
309,2021-07-09 10:00:00,19.35,0.0005170630816959676
310,2021-07-09 10:00:00,19.35,0.0
311,2021-07-09 10:00:00,19.35,0.0
312,2021-07-09 10:00:00,19.36,0.000516795865632913
313,2021-07-09 10:00:00,19.37,0.0005165289256199301
314,2021-07-09 10:01:00,19.36,-0.0005162622612288059
315,2021-07-09 10:01:00,19.37,0.0005165289256199301
316,2021-07-09 10:01:00,19.37,0.0
317,2021-07-09 10:02:00,19.36,-0.0005162622612288059
318,2021-07-09 10:02:00,19.36,0.0
319,2021-07-09 10:03:00,19.36,0.0
320,2021-07-09 10:03:00,19.39,0.0015495867768595684
321,2021-07-09 10:03:00,19.39,0.0
322,2021-07-09 10:03:00,19.39,0.0
323,2021-07-09 10:03:00,19.39,0.0
324,2021-07-09 10:04:00,19.39,0.0
325,2021-07-09 10:04:00,19.39,0.0
326,2021-07-09 10:04:00,19.39,0.0
327,2021-07-09 10:04:00,19.37,-0.001031459515213995
328,2021-07-09 10:04:00,19.37,0.0
329,2021-07-09 10:05:00,19.37,0.0
330,2021-07-09 10:05:00,19.37,0.0
331,2021-07-09 10:05:00,19.37,0.0
332,2021-07-09 10:05:00,19.36,-0.0005162622612288059
333,2021-07-09 10:05:00,19.37,0.0005165289256199301
334,2021-07-09 10:05:00,19.36,-0.0005162622612288059
335,2021-07-09 10:06:00,19.36,0.0
336,2021-07-09 10:06:00,19.35,-0.0005165289256197081
337,2021-07-09 10:06:00,19.35,0.0
338,2021-07-09 10:06:00,19.35,0.0
339,2021-07-09 10:06:00,19.37,0.001033591731266048
340,2021-07-09 10:07:00,19.37,0.0
341,2021-07-09 10:07:00,19.37,0.0
342,2021-07-09 10:08:00,19.35,-0.0010325245224573898
343,2021-07-09 10:09:00,19.35,0.0
344,2021-07-09 10:09:00,19.35,0.0
345,2021-07-09 10:09:00,19.36,0.000516795865632913
346,2021-07-09 10:09:00,19.35,-0.0005165289256197081
347,2021-07-09 10:09:00,19.35,0.0
348,2021-07-09 10:09:00,19.35,0.0
349,2021-07-09 10:10:00,19.35,0.0
350,2021-07-09 10:10:00,19.34,-0.0005167958656331351
351,2021-07-09 10:10:00,19.34,0.0
352,2021-07-09 10:10:00,19.34,0.0
353,2021-07-09 10:10:00,19.33,-0.0005170630816960786
354,2021-07-09 10:10:00,19.34,0.0005173305742369738
355,2021-07-09 10:11:00,19.33,-0.0005170630816960786
356,2021-07-09 10:11:00,19.33,0.0
357,2021-07-09 10:11:00,19.33,0.0
358,2021-07-09 10:11:00,19.33,0.0
359,2021-07-09 10:11:00,19.31,-0.0010346611484738366
360,2021-07-09 10:12:00,19.31,0.0
361,2021-07-09 10:12:00,19.3,-0.0005178663904711334
362,2021-07-09 10:12:00,19.3,0.0
363,2021-07-09 10:12:00,19.3,0.0
364,2021-07-09 10:12:00,19.3,0.0
365,2021-07-09 10:12:00,19.3,0.0
366,2021-07-09 10:12:00,19.3,0.0
367,2021-07-09 10:13:00,19.28,-0.0010362694300517505
368,2021-07-09 10:13:00,19.28,0.0
369,2021-07-09 10:13:00,19.28,0.0
370,2021-07-09 10:13:00,19.28,0.0
371,2021-07-09 10:13:00,19.3,0.0010373443983402453
372,2021-07-09 10:13:00,19.29,-0.0005181347150260418
373,2021-07-09 10:13:00,19.28,-0.0005184033177810798
374,2021-07-09 10:13:00,19.29,0.0005186721991701226
375,2021-07-09 10:14:00,19.28,-0.0005184033177810798
376,2021-07-09 10:14:00,19.28,0.0
377,2021-07-09 10:14:00,19.27,-0.0005186721991702337
378,2021-07-09 10:14:00,19.28,0.0005189413596264902
379,2021-07-09 10:14:00,19.28,0.0
380,2021-07-09 10:14:00,19.27,-0.0005186721991702337
381,2021-07-09 10:14:00,19.28,0.0005189413596264902
382,2021-07-09 10:14:00,19.29,0.0005186721991701226
383,2021-07-09 10:15:00,19.29,0.0
384,2021-07-09 10:15:00,19.29,0.0
385,2021-07-09 10:15:00,19.28,-0.0005184033177810798
386,2021-07-09 10:15:00,19.28,0.0
387,2021-07-09 10:15:00,19.28,0.0
388,2021-07-09 10:15:00,19.28,0.0
389,2021-07-09 10:15:00,19.28,0.0
390,2021-07-09 10:15:00,19.28,0.0
391,2021-07-09 10:16:00,19.28,0.0
392,2021-07-09 10:16:00,19.27,-0.0005186721991702337
393,2021-07-09 10:16:00,19.27,0.0
394,2021-07-09 10:16:00,19.27,0.0
395,2021-07-09 10:16:00,19.27,0.0
396,2021-07-09 10:16:00,19.26,-0.0005189413596262682
397,2021-07-09 10:17:00,19.26,0.0
398,2021-07-09 10:17:00,19.26,0.0
399,2021-07-09 10:17:00,19.26,0.0
400,2021-07-09 10:17:00,19.25,-0.0005192107995847239
401,2021-07-09 10:17:00,19.25,0.0
402,2021-07-09 10:17:00,19.24,-0.0005194805194805863
403,2021-07-09 10:17:00,19.24,0.0
404,2021-07-09 10:18:00,19.24,0.0
405,2021-07-09 10:18:00,19.24,0.0
406,2021-07-09 10:18:00,19.25,0.0005197505197505059
407,2021-07-09 10:18:00,19.25,0.0
408,2021-07-09 10:18:00,19.25,0.0
409,2021-07-09 10:18:00,19.25,0.0
410,2021-07-09 10:18:00,19.25,0.0
411,2021-07-09 10:18:00,19.25,0.0
412,2021-07-09 10:18:00,19.26,0.0005194805194805863
413,2021-07-09 10:18:00,19.26,0.0
414,2021-07-09 10:19:00,19.26,0.0
415,2021-07-09 10:19:00,19.26,0.0
416,2021-07-09 10:19:00,19.26,0.0
417,2021-07-09 10:19:00,19.27,0.0005192107995846129
418,2021-07-09 10:19:00,19.26,-0.0005189413596262682
419,2021-07-09 10:20:00,19.27,0.0005192107995846129
420,2021-07-09 10:20:00,19.26,-0.0005189413596262682
421,2021-07-09 10:20:00,19.26,0.0
422,2021-07-09 10:20:00,19.26,0.0
423,2021-07-09 10:20:00,19.25,-0.0005192107995847239
424,2021-07-09 10:21:00,19.26,0.0005194805194805863
425,2021-07-09 10:21:00,19.26,0.0
426,2021-07-09 10:21:00,19.25,-0.0005192107995847239
427,2021-07-09 10:21:00,19.27,0.0010389610389609505
428,2021-07-09 10:21:00,19.27,0.0
429,2021-07-09 10:21:00,19.27,0.0
430,2021-07-09 10:21:00,19.27,0.0
431,2021-07-09 10:21:00,19.27,0.0
432,2021-07-09 10:21:00,19.27,0.0
433,2021-07-09 10:21:00,19.28,0.0005189413596264902
434,2021-07-09 10:22:00,19.28,0.0
435,2021-07-09 10:22:00,19.28,0.0
436,2021-07-09 10:22:00,19.28,0.0
437,2021-07-09 10:22:00,19.28,0.0
438,2021-07-09 10:22:00,19.28,0.0
439,2021-07-09 10:22:00,19.27,-0.0005186721991702337
440,2021-07-09 10:23:00,19.27,0.0
441,2021-07-09 10:23:00,19.28,0.0005189413596264902
442,2021-07-09 10:23:00,19.27,-0.0005186721991702337
443,2021-07-09 10:23:00,19.27,0.0
444,2021-07-09 10:23:00,19.27,0.0
445,2021-07-09 10:23:00,19.27,0.0
446,2021-07-09 10:23:00,19.28,0.0005189413596264902
447,2021-07-09 10:23:00,19.28,0.0
448,2021-07-09 10:24:00,19.28,0.0
449,2021-07-09 10:24:00,19.28,0.0
450,2021-07-09 10:24:00,19.28,0.0
451,2021-07-09 10:24:00,19.29,0.0005186721991701226
452,2021-07-09 10:25:00,19.29,0.0
453,2021-07-09 10:25:00,19.29,0.0
454,2021-07-09 10:25:00,19.29,0.0
455,2021-07-09 10:25:00,19.28,-0.0005184033177810798
456,2021-07-09 10:25:00,19.29,0.0005186721991701226
457,2021-07-09 10:25:00,19.29,0.0
458,2021-07-09 10:27:00,19.3,0.0005184033177814129
459,2021-07-09 10:27:00,19.3,0.0
460,2021-07-09 10:27:00,19.31,0.0005181347150258198
461,2021-07-09 10:27:00,19.33,0.0010357327809424888
462,2021-07-09 10:27:00,19.33,0.0
463,2021-07-09 10:28:00,19.33,0.0
464,2021-07-09 10:28:00,19.35,0.0010346611484739476
465,2021-07-09 10:28:00,19.37,0.001033591731266048
466,2021-07-09 10:28:00,19.37,0.0
467,2021-07-09 10:28:00,19.38,0.0005162622612286949
468,2021-07-09 10:28:00,19.4,0.0010319917440659854
469,2021-07-09 10:28:00,19.43,0.001546391752577314
470,2021-07-09 10:28:00,19.46,0.0015440041173444552
471,2021-07-09 10:28:00,19.47,0.0005138746145938455
472,2021-07-09 10:29:00,19.46,-0.0005136106831020726
473,2021-07-09 10:29:00,19.46,0.0
474,2021-07-09 10:29:00,19.46,0.0
475,2021-07-09 10:29:00,19.42,-0.0020554984583761593
476,2021-07-09 10:29:00,19.42,0.0
477,2021-07-09 10:29:00,19.41,-0.000514933058702427
478,2021-07-09 10:29:00,19.42,0.0005151983513653757
479,2021-07-09 10:29:00,19.41,-0.000514933058702427
480,2021-07-09 10:29:00,19.41,0.0
481,2021-07-09 10:30:00,19.41,0.0
482,2021-07-09 10:30:00,19.4,-0.0005151983513653757
483,2021-07-09 10:30:00,19.4,0.0
484,2021-07-09 10:30:00,19.4,0.0
485,2021-07-09 10:30:00,19.4,0.0
486,2021-07-09 10:30:00,19.4,0.0
487,2021-07-09 10:30:00,19.4,0.0
488,2021-07-09 10:31:00,19.37,-0.001546391752577203
489,2021-07-09 10:31:00,19.37,0.0
490,2021-07-09 10:31:00,19.36,-0.0005162622612288059
491,2021-07-09 10:31:00,19.37,0.0005165289256199301
492,2021-07-09 10:32:00,19.4,0.0015487867836860847
493,2021-07-09 10:32:00,19.37,-0.001546391752577203
494,2021-07-09 10:32:00,19.37,0.0
495,2021-07-09 10:32:00,19.37,0.0
496,2021-07-09 10:32:00,19.4,0.0015487867836860847
497,2021-07-09 10:32:00,19.41,0.0005154639175257714
498,2021-07-09 10:33:00,19.41,0.0
499,2021-07-09 10:33:00,19.41,0.0
500,2021-07-09 10:33:00,19.42,0.0005151983513653757
501,2021-07-09 10:33:00,19.42,0.0
502,2021-07-09 10:33:00,19.42,0.0
503,2021-07-09 10:34:00,19.42,0.0
504,2021-07-09 10:34:00,19.42,0.0
505,2021-07-09 10:34:00,19.4,-0.001029866117404854
506,2021-07-09 10:35:00,19.4,0.0
507,2021-07-09 10:35:00,19.4,0.0
508,2021-07-09 10:35:00,19.4,0.0
509,2021-07-09 10:36:00,19.4,0.0
510,2021-07-09 10:36:00,19.39,-0.0005154639175256603
511,2021-07-09 10:36:00,19.38,-0.000515729757607053
512,2021-07-09 10:36:00,19.38,0.0
513,2021-07-09 10:36:00,19.4,0.0010319917440659854
514,2021-07-09 10:36:00,19.38,-0.0010309278350515427
515,2021-07-09 10:37:00,19.39,0.0005159958720331037
516,2021-07-09 10:37:00,19.4,0.0005157297576068309
517,2021-07-09 10:37:00,19.4,0.0
518,2021-07-09 10:37:00,19.4,0.0
519,2021-07-09 10:37:00,19.4,0.0
520,2021-07-09 10:38:00,19.42,0.0010309278350517648
521,2021-07-09 10:38:00,19.42,0.0
522,2021-07-09 10:38:00,19.43,0.000514933058702205
523,2021-07-09 10:38:00,19.42,-0.0005146680391147074
524,2021-07-09 10:39:00,19.43,0.000514933058702205
525,2021-07-09 10:39:00,19.43,0.0
526,2021-07-09 10:39:00,19.43,0.0
527,2021-07-09 10:39:00,19.43,0.0
528,2021-07-09 10:39:00,19.44,0.0005146680391148184
529,2021-07-09 10:39:00,19.44,0.0
530,2021-07-09 10:39:00,19.44,0.0
531,2021-07-09 10:39:00,19.44,0.0
532,2021-07-09 10:39:00,19.44,0.0
533,2021-07-09 10:39:00,19.45,0.0005144032921808872
534,2021-07-09 10:40:00,19.44,-0.0005141388174806361
535,2021-07-09 10:40:00,19.44,0.0
536,2021-07-09 10:40:00,19.44,0.0
537,2021-07-09 10:40:00,19.44,0.0
538,2021-07-09 10:40:00,19.45,0.0005144032921808872
539,2021-07-09 10:40:00,19.44,-0.0005141388174806361
540,2021-07-09 10:41:00,19.43,-0.0005144032921811093
541,2021-07-09 10:41:00,19.43,0.0
542,2021-07-09 10:41:00,19.43,0.0
543,2021-07-09 10:41:00,19.43,0.0
544,2021-07-09 10:41:00,19.44,0.0005146680391148184
545,2021-07-09 10:42:00,19.43,-0.0005144032921811093
546,2021-07-09 10:43:00,19.43,0.0
547,2021-07-09 10:43:00,19.43,0.0
548,2021-07-09 10:43:00,19.43,0.0
549,2021-07-09 10:44:00,19.41,-0.0010293360782295258
550,2021-07-09 10:44:00,19.42,0.0005151983513653757
551,2021-07-09 10:44:00,19.42,0.0
552,2021-07-09 10:44:00,19.41,-0.000514933058702427
553,2021-07-09 10:45:00,19.42,0.0005151983513653757
554,2021-07-09 10:45:00,19.42,0.0
555,2021-07-09 10:45:00,19.41,-0.000514933058702427
556,2021-07-09 10:45:00,19.41,0.0
557,2021-07-09 10:46:00,19.41,0.0
558,2021-07-09 10:46:00,19.41,0.0
559,2021-07-09 10:46:00,19.41,0.0
560,2021-07-09 10:47:00,19.4,-0.0005151983513653757
561,2021-07-09 10:48:00,19.4,0.0
562,2021-07-09 10:48:00,19.41,0.0005154639175257714
563,2021-07-09 10:49:00,19.42,0.0005151983513653757
564,2021-07-09 10:49:00,19.42,0.0
565,2021-07-09 10:49:00,19.42,0.0
566,2021-07-09 10:49:00,19.42,0.0
567,2021-07-09 10:49:00,19.42,0.0
568,2021-07-09 10:49:00,19.43,0.000514933058702205
569,2021-07-09 10:49:00,19.42,-0.0005146680391147074
570,2021-07-09 10:50:00,19.42,0.0
571,2021-07-09 10:50:00,19.42,0.0
572,2021-07-09 10:51:00,19.43,0.000514933058702205
573,2021-07-09 10:51:00,19.44,0.0005146680391148184
574,2021-07-09 10:51:00,19.44,0.0
575,2021-07-09 10:51:00,19.44,0.0
576,2021-07-09 10:51:00,19.44,0.0
577,2021-07-09 10:51:00,19.45,0.0005144032921808872
578,2021-07-09 10:51:00,19.46,0.0005141388174807471
579,2021-07-09 10:51:00,19.45,-0.0005138746145940676
580,2021-07-09 10:51:00,19.46,0.0005141388174807471
581,2021-07-09 10:52:00,19.46,0.0
582,2021-07-09 10:52:00,19.46,0.0
583,2021-07-09 10:52:00,19.45,-0.0005138746145940676
584,2021-07-09 10:52:00,19.45,0.0
585,2021-07-09 10:52:00,19.45,0.0
586,2021-07-09 10:53:00,19.46,0.0005141388174807471
587,2021-07-09 10:53:00,19.46,0.0
588,2021-07-09 10:53:00,19.46,0.0
589,2021-07-09 10:53:00,19.45,-0.0005138746145940676
590,2021-07-09 10:53:00,19.46,0.0005141388174807471
591,2021-07-09 10:54:00,19.46,0.0
592,2021-07-09 10:54:00,19.45,-0.0005138746145940676
593,2021-07-09 10:54:00,19.46,0.0005141388174807471
594,2021-07-09 10:54:00,19.45,-0.0005138746145940676
595,2021-07-09 10:54:00,19.45,0.0
596,2021-07-09 10:55:00,19.45,0.0
597,2021-07-09 10:55:00,19.44,-0.0005141388174806361
598,2021-07-09 10:55:00,19.44,0.0
599,2021-07-09 10:55:00,19.44,0.0
600,2021-07-09 10:56:00,19.44,0.0
601,2021-07-09 10:56:00,19.44,0.0
602,2021-07-09 10:56:00,19.43,-0.0005144032921811093
603,2021-07-09 10:57:00,19.44,0.0005146680391148184
604,2021-07-09 10:57:00,19.43,-0.0005144032921811093
605,2021-07-09 10:58:00,19.43,0.0
606,2021-07-09 10:58:00,19.44,0.0005146680391148184
607,2021-07-09 10:58:00,19.44,0.0
608,2021-07-09 10:58:00,19.44,0.0
609,2021-07-09 10:58:00,19.44,0.0
610,2021-07-09 10:59:00,19.44,0.0
611,2021-07-09 10:59:00,19.44,0.0
612,2021-07-09 10:59:00,19.44,0.0
613,2021-07-09 10:59:00,19.43,-0.0005144032921811093
614,2021-07-09 10:59:00,19.43,0.0
615,2021-07-09 11:00:00,19.43,0.0
616,2021-07-09 11:00:00,19.44,0.0005146680391148184
617,2021-07-09 11:00:00,19.44,0.0
618,2021-07-09 11:00:00,19.44,0.0
619,2021-07-09 11:00:00,19.44,0.0
620,2021-07-09 11:00:00,19.44,0.0
621,2021-07-09 11:00:00,19.44,0.0
622,2021-07-09 11:00:00,19.43,-0.0005144032921811093
623,2021-07-09 11:00:00,19.44,0.0005146680391148184
624,2021-07-09 11:00:00,19.43,-0.0005144032921811093
625,2021-07-09 11:02:00,19.42,-0.0005146680391147074
626,2021-07-09 11:02:00,19.42,0.0
627,2021-07-09 11:02:00,19.42,0.0
628,2021-07-09 11:03:00,19.42,0.0
629,2021-07-09 11:03:00,19.42,0.0
630,2021-07-09 11:03:00,19.42,0.0
631,2021-07-09 11:03:00,19.41,-0.000514933058702427
632,2021-07-09 11:04:00,19.41,0.0
633,2021-07-09 11:04:00,19.41,0.0
634,2021-07-09 11:04:00,19.41,0.0
635,2021-07-09 11:04:00,19.41,0.0
636,2021-07-09 11:05:00,19.39,-0.0010303967027305294
637,2021-07-09 11:05:00,19.38,-0.000515729757607053
638,2021-07-09 11:06:00,19.38,0.0
639,2021-07-09 11:06:00,19.38,0.0
640,2021-07-09 11:06:00,19.38,0.0
641,2021-07-09 11:07:00,19.37,-0.0005159958720328817
642,2021-07-09 11:07:00,19.36,-0.0005162622612288059
643,2021-07-09 11:07:00,19.37,0.0005165289256199301
644,2021-07-09 11:08:00,19.37,0.0
645,2021-07-09 11:08:00,19.37,0.0
646,2021-07-09 11:08:00,19.37,0.0
647,2021-07-09 11:08:00,19.37,0.0
648,2021-07-09 11:08:00,19.37,0.0
649,2021-07-09 11:08:00,19.36,-0.0005162622612288059
650,2021-07-09 11:09:00,19.36,0.0
651,2021-07-09 11:09:00,19.35,-0.0005165289256197081
652,2021-07-09 11:09:00,19.39,0.002067183462532318
653,2021-07-09 11:09:00,19.39,0.0
654,2021-07-09 11:10:00,19.37,-0.001031459515213995
655,2021-07-09 11:10:00,19.39,0.0010325245224573898
656,2021-07-09 11:10:00,19.38,-0.000515729757607053
657,2021-07-09 11:11:00,19.38,0.0
658,2021-07-09 11:11:00,19.38,0.0
659,2021-07-09 11:11:00,19.38,0.0
660,2021-07-09 11:12:00,19.38,0.0
661,2021-07-09 11:12:00,19.38,0.0
662,2021-07-09 11:12:00,19.4,0.0010319917440659854
663,2021-07-09 11:13:00,19.41,0.0005154639175257714
664,2021-07-09 11:13:00,19.41,0.0
665,2021-07-09 11:13:00,19.4,-0.0005151983513653757
666,2021-07-09 11:14:00,19.4,0.0
667,2021-07-09 11:14:00,19.38,-0.0010309278350515427
668,2021-07-09 11:14:00,19.39,0.0005159958720331037
669,2021-07-09 11:15:00,19.39,0.0
670,2021-07-09 11:15:00,19.39,0.0
671,2021-07-09 11:15:00,19.39,0.0
672,2021-07-09 11:15:00,19.39,0.0
673,2021-07-09 11:15:00,19.39,0.0
674,2021-07-09 11:16:00,19.38,-0.000515729757607053
675,2021-07-09 11:16:00,19.38,0.0
676,2021-07-09 11:16:00,19.39,0.0005159958720331037
677,2021-07-09 11:17:00,19.39,0.0
678,2021-07-09 11:18:00,19.39,0.0
679,2021-07-09 11:18:00,19.38,-0.000515729757607053
680,2021-07-09 11:19:00,19.38,0.0
681,2021-07-09 11:19:00,19.39,0.0005159958720331037
682,2021-07-09 11:19:00,19.39,0.0
683,2021-07-09 11:19:00,19.4,0.0005157297576068309
684,2021-07-09 11:19:00,19.39,-0.0005154639175256603
685,2021-07-09 11:19:00,19.39,0.0
686,2021-07-09 11:20:00,19.39,0.0
687,2021-07-09 11:20:00,19.39,0.0
688,2021-07-09 11:20:00,19.38,-0.000515729757607053
689,2021-07-09 11:20:00,19.39,0.0005159958720331037
690,2021-07-09 11:21:00,19.38,-0.000515729757607053
691,2021-07-09 11:21:00,19.37,-0.0005159958720328817
692,2021-07-09 11:22:00,19.37,0.0
693,2021-07-09 11:22:00,19.37,0.0
694,2021-07-09 11:22:00,19.36,-0.0005162622612288059
695,2021-07-09 11:22:00,19.36,0.0
696,2021-07-09 11:23:00,19.35,-0.0005165289256197081
697,2021-07-09 11:23:00,19.35,0.0
698,2021-07-09 11:24:00,19.35,0.0
699,2021-07-09 11:24:00,19.36,0.000516795865632913
700,2021-07-09 11:24:00,19.36,0.0
701,2021-07-09 11:24:00,19.35,-0.0005165289256197081
702,2021-07-09 11:24:00,19.36,0.000516795865632913
703,2021-07-09 11:24:00,19.36,0.0
704,2021-07-09 11:25:00,19.39,0.0015495867768595684
705,2021-07-09 11:27:00,19.36,-0.001547189272821048
706,2021-07-09 11:28:00,19.36,0.0
707,2021-07-09 11:28:00,19.36,0.0
708,2021-07-09 11:28:00,19.36,0.0
709,2021-07-09 11:28:00,19.34,-0.0010330578512396382
710,2021-07-09 11:29:00,19.36,0.0010341261633919352
711,2021-07-09 13:00:00,19.38,0.0010330578512396382
712,2021-07-09 13:00:00,19.39,0.0005159958720331037
713,2021-07-09 13:00:00,19.38,-0.000515729757607053
714,2021-07-09 13:00:00,19.35,-0.001547987616098978
715,2021-07-09 13:00:00,19.35,0.0
716,2021-07-09 13:01:00,19.35,0.0
717,2021-07-09 13:01:00,19.37,0.001033591731266048
718,2021-07-09 13:03:00,19.37,0.0
719,2021-07-09 13:04:00,19.37,0.0
720,2021-07-09 13:04:00,19.38,0.0005162622612286949
721,2021-07-09 13:05:00,19.38,0.0
722,2021-07-09 13:06:00,19.38,0.0
723,2021-07-09 13:06:00,19.37,-0.0005159958720328817
724,2021-07-09 13:07:00,19.38,0.0005162622612286949
725,2021-07-09 13:07:00,19.38,0.0
726,2021-07-09 13:07:00,19.38,0.0
727,2021-07-09 13:08:00,19.37,-0.0005159958720328817
728,2021-07-09 13:08:00,19.38,0.0005162622612286949
729,2021-07-09 13:08:00,19.38,0.0
730,2021-07-09 13:08:00,19.38,0.0
731,2021-07-09 13:09:00,19.38,0.0
732,2021-07-09 13:09:00,19.4,0.0010319917440659854
733,2021-07-09 13:11:00,19.4,0.0
734,2021-07-09 13:11:00,19.37,-0.001546391752577203
735,2021-07-09 13:12:00,19.37,0.0
736,2021-07-09 13:12:00,19.37,0.0
737,2021-07-09 13:13:00,19.36,-0.0005162622612288059
738,2021-07-09 13:13:00,19.36,0.0
739,2021-07-09 13:13:00,19.36,0.0
740,2021-07-09 13:14:00,19.36,0.0
741,2021-07-09 13:14:00,19.36,0.0
742,2021-07-09 13:14:00,19.37,0.0005165289256199301
743,2021-07-09 13:14:00,19.36,-0.0005162622612288059
744,2021-07-09 13:15:00,19.37,0.0005165289256199301
745,2021-07-09 13:16:00,19.37,0.0
746,2021-07-09 13:16:00,19.37,0.0
747,2021-07-09 13:16:00,19.37,0.0
748,2021-07-09 13:17:00,19.37,0.0
749,2021-07-09 13:17:00,19.37,0.0
750,2021-07-09 13:18:00,19.37,0.0
751,2021-07-09 13:18:00,19.37,0.0
752,2021-07-09 13:18:00,19.4,0.0015487867836860847
753,2021-07-09 13:18:00,19.4,0.0
754,2021-07-09 13:18:00,19.4,0.0
755,2021-07-09 13:18:00,19.4,0.0
756,2021-07-09 13:19:00,19.4,0.0
757,2021-07-09 13:19:00,19.41,0.0005154639175257714
758,2021-07-09 13:19:00,19.41,0.0
759,2021-07-09 13:19:00,19.41,0.0
760,2021-07-09 13:20:00,19.43,0.0010303967027305294
761,2021-07-09 13:20:00,19.44,0.0005146680391148184
762,2021-07-09 13:20:00,19.45,0.0005144032921808872
763,2021-07-09 13:20:00,19.45,0.0
764,2021-07-09 13:20:00,19.45,0.0
765,2021-07-09 13:20:00,19.44,-0.0005141388174806361
766,2021-07-09 13:20:00,19.45,0.0005144032921808872
767,2021-07-09 13:20:00,19.44,-0.0005141388174806361
768,2021-07-09 13:20:00,19.45,0.0005144032921808872
769,2021-07-09 13:20:00,19.45,0.0
770,2021-07-09 13:21:00,19.46,0.0005141388174807471
771,2021-07-09 13:21:00,19.46,0.0
772,2021-07-09 13:21:00,19.46,0.0
773,2021-07-09 13:21:00,19.45,-0.0005138746145940676
774,2021-07-09 13:21:00,19.46,0.0005141388174807471
775,2021-07-09 13:21:00,19.46,0.0
776,2021-07-09 13:21:00,19.46,0.0
777,2021-07-09 13:22:00,19.45,-0.0005138746145940676
778,2021-07-09 13:22:00,19.45,0.0
779,2021-07-09 13:22:00,19.45,0.0
780,2021-07-09 13:22:00,19.46,0.0005141388174807471
781,2021-07-09 13:23:00,19.42,-0.0020554984583761593
782,2021-07-09 13:24:00,19.42,0.0
783,2021-07-09 13:24:00,19.42,0.0
784,2021-07-09 13:24:00,19.42,0.0
785,2021-07-09 13:25:00,19.42,0.0
786,2021-07-09 13:25:00,19.42,0.0
787,2021-07-09 13:25:00,19.42,0.0
788,2021-07-09 13:26:00,19.42,0.0
789,2021-07-09 13:27:00,19.42,0.0
790,2021-07-09 13:28:00,19.42,0.0
791,2021-07-09 13:28:00,19.42,0.0
792,2021-07-09 13:28:00,19.42,0.0
793,2021-07-09 13:28:00,19.42,0.0
794,2021-07-09 13:29:00,19.44,0.001029866117404632
795,2021-07-09 13:29:00,19.44,0.0
796,2021-07-09 13:30:00,19.42,-0.0010288065843621075
797,2021-07-09 13:30:00,19.42,0.0
798,2021-07-09 13:30:00,19.44,0.001029866117404632
799,2021-07-09 13:30:00,19.44,0.0
800,2021-07-09 13:30:00,19.44,0.0
801,2021-07-09 13:30:00,19.46,0.0010288065843622185
802,2021-07-09 13:31:00,19.46,0.0
803,2021-07-09 13:31:00,19.46,0.0
804,2021-07-09 13:31:00,19.46,0.0
805,2021-07-09 13:31:00,19.45,-0.0005138746145940676
806,2021-07-09 13:32:00,19.44,-0.0005141388174806361
807,2021-07-09 13:32:00,19.44,0.0
808,2021-07-09 13:32:00,19.41,-0.0015432098765432167
809,2021-07-09 13:33:00,19.47,0.0030911901081915882
810,2021-07-09 13:33:00,19.48,0.0005136106831022946
811,2021-07-09 13:33:00,19.48,0.0
812,2021-07-09 13:33:00,19.49,0.0005133470225870962
813,2021-07-09 13:33:00,19.49,0.0
814,2021-07-09 13:33:00,19.5,0.0005130836326321386
815,2021-07-09 13:33:00,19.5,0.0
816,2021-07-09 13:33:00,19.51,0.0005128205128206442
817,2021-07-09 13:33:00,19.53,0.001025115325474113
818,2021-07-09 13:33:00,19.55,0.0010240655401945187
819,2021-07-09 13:33:00,19.55,0.0
820,2021-07-09 13:34:00,19.56,0.000511508951406503
821,2021-07-09 13:34:00,19.57,0.0005112474437629633
822,2021-07-09 13:34:00,19.57,0.0
823,2021-07-09 13:34:00,19.56,-0.0005109862033726431
824,2021-07-09 13:34:00,19.58,0.0010224948875254825
825,2021-07-09 13:34:00,19.6,0.0010214504596528506
826,2021-07-09 13:34:00,19.6,0.0
827,2021-07-09 13:34:00,19.62,0.0010204081632652073
828,2021-07-09 13:34:00,19.62,0.0
829,2021-07-09 13:34:00,19.63,0.0005096839959224386
830,2021-07-09 13:34:00,19.63,0.0
831,2021-07-09 13:34:00,19.63,0.0
832,2021-07-09 13:34:00,19.63,0.0
833,2021-07-09 13:34:00,19.64,0.0005094243504839557
834,2021-07-09 13:34:00,19.66,0.0010183299389001643
835,2021-07-09 13:34:00,19.64,-0.0010172939979653517
836,2021-07-09 13:34:00,19.64,0.0
837,2021-07-09 13:34:00,19.64,0.0
838,2021-07-09 13:35:00,19.64,0.0
839,2021-07-09 13:35:00,19.64,0.0
840,2021-07-09 13:35:00,19.63,-0.0005091649694501932
841,2021-07-09 13:35:00,19.63,0.0
842,2021-07-09 13:35:00,19.64,0.0005094243504839557
843,2021-07-09 13:35:00,19.57,-0.003564154786150686
844,2021-07-09 13:35:00,19.5,-0.0035769034236076136
845,2021-07-09 13:35:00,19.51,0.0005128205128206442
846,2021-07-09 13:35:00,19.63,0.006150691952844456
847,2021-07-09 13:35:00,19.63,0.0
848,2021-07-09 13:35:00,19.63,0.0
849,2021-07-09 13:35:00,19.63,0.0
850,2021-07-09 13:35:00,19.63,0.0
851,2021-07-09 13:35:00,19.63,0.0
852,2021-07-09 13:35:00,19.52,-0.005603667855323402
853,2021-07-09 13:36:00,19.62,0.0051229508196721785
854,2021-07-09 13:36:00,19.61,-0.0005096839959226607
855,2021-07-09 13:36:00,19.61,0.0
856,2021-07-09 13:36:00,19.55,-0.003059663437021909
857,2021-07-09 13:36:00,19.58,0.001534526854219731
858,2021-07-09 13:36:00,19.6,0.0010214504596528506
859,2021-07-09 13:36:00,19.58,-0.0010204081632654294
860,2021-07-09 13:37:00,19.58,0.0
861,2021-07-09 13:37:00,19.6,0.0010214504596528506
862,2021-07-09 13:37:00,19.61,0.0005102040816324926
863,2021-07-09 13:37:00,19.6,-0.0005099439061702071
864,2021-07-09 13:37:00,19.61,0.0005102040816324926
865,2021-07-09 13:37:00,19.62,0.0005099439061704292
866,2021-07-09 13:37:00,19.61,-0.0005096839959226607
867,2021-07-09 13:37:00,19.62,0.0005099439061704292
868,2021-07-09 13:37:00,19.61,-0.0005096839959226607
869,2021-07-09 13:37:00,19.61,0.0
870,2021-07-09 13:37:00,19.6,-0.0005099439061702071
871,2021-07-09 13:37:00,19.6,0.0
872,2021-07-09 13:37:00,19.6,0.0
873,2021-07-09 13:37:00,19.6,0.0
874,2021-07-09 13:38:00,19.6,0.0
875,2021-07-09 13:38:00,19.61,0.0005102040816324926
876,2021-07-09 13:38:00,19.6,-0.0005099439061702071
877,2021-07-09 13:38:00,19.6,0.0
878,2021-07-09 13:38:00,19.6,0.0
879,2021-07-09 13:38:00,19.6,0.0
880,2021-07-09 13:38:00,19.6,0.0
881,2021-07-09 13:38:00,19.6,0.0
882,2021-07-09 13:39:00,19.58,-0.0010204081632654294
883,2021-07-09 13:39:00,19.58,0.0
884,2021-07-09 13:39:00,19.6,0.0010214504596528506
885,2021-07-09 13:40:00,19.58,-0.0010204081632654294
886,2021-07-09 13:40:00,19.58,0.0
887,2021-07-09 13:40:00,19.6,0.0010214504596528506
888,2021-07-09 13:40:00,19.59,-0.0005102040816327147
889,2021-07-09 13:41:00,19.59,0.0
890,2021-07-09 13:41:00,19.59,0.0
891,2021-07-09 13:41:00,19.59,0.0
892,2021-07-09 13:41:00,19.58,-0.0005104645227157478
893,2021-07-09 13:41:00,19.59,0.0005107252298264253
894,2021-07-09 13:42:00,19.59,0.0
895,2021-07-09 13:42:00,19.59,0.0
896,2021-07-09 13:42:00,19.59,0.0
897,2021-07-09 13:42:00,19.58,-0.0005104645227157478
898,2021-07-09 13:43:00,19.57,-0.0005107252298262033
899,2021-07-09 13:43:00,19.57,0.0
900,2021-07-09 13:43:00,19.57,0.0
901,2021-07-09 13:43:00,19.58,0.00051098620337231
902,2021-07-09 13:44:00,19.57,-0.0005107252298262033
903,2021-07-09 13:44:00,19.56,-0.0005109862033726431
904,2021-07-09 13:44:00,19.56,0.0
905,2021-07-09 13:44:00,19.56,0.0
906,2021-07-09 13:45:00,19.55,-0.0005112474437626302
907,2021-07-09 13:45:00,19.55,0.0
908,2021-07-09 13:45:00,19.53,-0.001023017902813228
909,2021-07-09 13:45:00,19.53,0.0
910,2021-07-09 13:46:00,19.54,0.0005120327700971483
911,2021-07-09 13:46:00,19.55,0.0005117707267145999
912,2021-07-09 13:46:00,19.54,-0.000511508951406725
913,2021-07-09 13:46:00,19.55,0.0005117707267145999
914,2021-07-09 13:46:00,19.55,0.0
915,2021-07-09 13:46:00,19.56,0.000511508951406503
916,2021-07-09 13:47:00,19.55,-0.0005112474437626302
917,2021-07-09 13:47:00,19.55,0.0
918,2021-07-09 13:47:00,19.56,0.000511508951406503
919,2021-07-09 13:47:00,19.56,0.0
920,2021-07-09 13:47:00,19.57,0.0005112474437629633
921,2021-07-09 13:47:00,19.56,-0.0005109862033726431
922,2021-07-09 13:47:00,19.55,-0.0005112474437626302
923,2021-07-09 13:48:00,19.56,0.000511508951406503
924,2021-07-09 13:49:00,19.57,0.0005112474437629633
925,2021-07-09 13:49:00,19.57,0.0
926,2021-07-09 13:49:00,19.58,0.00051098620337231
927,2021-07-09 13:50:00,19.58,0.0
928,2021-07-09 13:50:00,19.58,0.0
929,2021-07-09 13:51:00,19.57,-0.0005107252298262033
930,2021-07-09 13:51:00,19.56,-0.0005109862033726431
931,2021-07-09 13:51:00,19.56,0.0
932,2021-07-09 13:51:00,19.56,0.0
933,2021-07-09 13:52:00,19.56,0.0
934,2021-07-09 13:52:00,19.57,0.0005112474437629633
935,2021-07-09 13:53:00,19.58,0.00051098620337231
936,2021-07-09 13:53:00,19.59,0.0005107252298264253
937,2021-07-09 13:53:00,19.6,0.0005104645227158588
938,2021-07-09 13:53:00,19.6,0.0
939,2021-07-09 13:53:00,19.6,0.0
940,2021-07-09 13:53:00,19.6,0.0
941,2021-07-09 13:53:00,19.61,0.0005102040816324926
942,2021-07-09 13:54:00,19.6,-0.0005099439061702071
943,2021-07-09 13:54:00,19.6,0.0
944,2021-07-09 13:54:00,19.59,-0.0005102040816327147
945,2021-07-09 13:55:00,19.59,0.0
946,2021-07-09 13:55:00,19.6,0.0005104645227158588
947,2021-07-09 13:55:00,19.6,0.0
948,2021-07-09 13:55:00,19.6,0.0
949,2021-07-09 13:55:00,19.6,0.0
950,2021-07-09 13:56:00,19.59,-0.0005102040816327147
951,2021-07-09 13:56:00,19.59,0.0
952,2021-07-09 13:56:00,19.59,0.0
953,2021-07-09 13:56:00,19.59,0.0
954,2021-07-09 13:56:00,19.58,-0.0005104645227157478
955,2021-07-09 13:57:00,19.58,0.0
956,2021-07-09 13:57:00,19.58,0.0
957,2021-07-09 13:57:00,19.58,0.0
958,2021-07-09 13:57:00,19.58,0.0
959,2021-07-09 13:57:00,19.58,0.0
960,2021-07-09 13:57:00,19.58,0.0
961,2021-07-09 13:57:00,19.57,-0.0005107252298262033
962,2021-07-09 13:58:00,19.57,0.0
963,2021-07-09 13:58:00,19.57,0.0
964,2021-07-09 13:58:00,19.57,0.0
965,2021-07-09 13:58:00,19.55,-0.0010219724067449532
966,2021-07-09 14:00:00,19.55,0.0
967,2021-07-09 14:00:00,19.55,0.0
968,2021-07-09 14:01:00,19.55,0.0
969,2021-07-09 14:02:00,19.55,0.0
970,2021-07-09 14:02:00,19.55,0.0
971,2021-07-09 14:02:00,19.55,0.0
972,2021-07-09 14:03:00,19.55,0.0
973,2021-07-09 14:03:00,19.55,0.0
974,2021-07-09 14:03:00,19.55,0.0
975,2021-07-09 14:03:00,19.55,0.0
976,2021-07-09 14:03:00,19.55,0.0
977,2021-07-09 14:04:00,19.55,0.0
978,2021-07-09 14:05:00,19.54,-0.000511508951406725
979,2021-07-09 14:05:00,19.55,0.0005117707267145999
980,2021-07-09 14:05:00,19.55,0.0
981,2021-07-09 14:05:00,19.55,0.0
982,2021-07-09 14:06:00,19.55,0.0
983,2021-07-09 14:07:00,19.56,0.000511508951406503
984,2021-07-09 14:07:00,19.57,0.0005112474437629633
985,2021-07-09 14:07:00,19.57,0.0
986,2021-07-09 14:08:00,19.57,0.0
987,2021-07-09 14:08:00,19.56,-0.0005109862033726431
988,2021-07-09 14:08:00,19.57,0.0005112474437629633
989,2021-07-09 14:09:00,19.57,0.0
990,2021-07-09 14:09:00,19.56,-0.0005109862033726431
991,2021-07-09 14:09:00,19.58,0.0010224948875254825
992,2021-07-09 14:10:00,19.56,-0.0010214504596527396
993,2021-07-09 14:11:00,19.58,0.0010224948875254825
994,2021-07-09 14:11:00,19.57,-0.0005107252298262033
995,2021-07-09 14:12:00,19.57,0.0
996,2021-07-09 14:12:00,19.57,0.0
997,2021-07-09 14:13:00,19.56,-0.0005109862033726431
998,2021-07-09 14:13:00,19.56,0.0
999,2021-07-09 14:13:00,19.56,0.0
1000,2021-07-09 14:13:00,19.56,0.0
1001,2021-07-09 14:13:00,19.57,0.0005112474437629633
1002,2021-07-09 14:14:00,19.57,0.0
1003,2021-07-09 14:15:00,19.56,-0.0005109862033726431
1004,2021-07-09 14:15:00,19.57,0.0005112474437629633
1005,2021-07-09 14:15:00,19.56,-0.0005109862033726431
1006,2021-07-09 14:15:00,19.57,0.0005112474437629633
1007,2021-07-09 14:16:00,19.57,0.0
1008,2021-07-09 14:16:00,19.57,0.0
1009,2021-07-09 14:17:00,19.56,-0.0005109862033726431
1010,2021-07-09 14:17:00,19.57,0.0005112474437629633
1011,2021-07-09 14:17:00,19.58,0.00051098620337231
1012,2021-07-09 14:17:00,19.56,-0.0010214504596527396
1013,2021-07-09 14:17:00,19.58,0.0010224948875254825
1014,2021-07-09 14:18:00,19.58,0.0
1015,2021-07-09 14:18:00,19.57,-0.0005107252298262033
1016,2021-07-09 14:18:00,19.57,0.0
1017,2021-07-09 14:19:00,19.57,0.0
1018,2021-07-09 14:19:00,19.57,0.0
1019,2021-07-09 14:19:00,19.57,0.0
1020,2021-07-09 14:19:00,19.58,0.00051098620337231
1021,2021-07-09 14:19:00,19.57,-0.0005107252298262033
1022,2021-07-09 14:19:00,19.57,0.0
1023,2021-07-09 14:20:00,19.57,0.0
1024,2021-07-09 14:20:00,19.56,-0.0005109862033726431
1025,2021-07-09 14:20:00,19.56,0.0
1026,2021-07-09 14:20:00,19.56,0.0
1027,2021-07-09 14:21:00,19.57,0.0005112474437629633
1028,2021-07-09 14:21:00,19.57,0.0
1029,2021-07-09 14:21:00,19.57,0.0
1030,2021-07-09 14:21:00,19.57,0.0
1031,2021-07-09 14:22:00,19.58,0.00051098620337231
1032,2021-07-09 14:22:00,19.57,-0.0005107252298262033
1033,2021-07-09 14:22:00,19.58,0.00051098620337231
1034,2021-07-09 14:22:00,19.57,-0.0005107252298262033
1035,2021-07-09 14:22:00,19.57,0.0
1036,2021-07-09 14:23:00,19.57,0.0
1037,2021-07-09 14:23:00,19.57,0.0
1038,2021-07-09 14:23:00,19.57,0.0
1039,2021-07-09 14:24:00,19.57,0.0
1040,2021-07-09 14:24:00,19.57,0.0
1041,2021-07-09 14:24:00,19.56,-0.0005109862033726431
1042,2021-07-09 14:24:00,19.56,0.0
1043,2021-07-09 14:25:00,19.56,0.0
1044,2021-07-09 14:25:00,19.56,0.0
1045,2021-07-09 14:25:00,19.56,0.0
1046,2021-07-09 14:25:00,19.56,0.0
1047,2021-07-09 14:26:00,19.56,0.0
1048,2021-07-09 14:26:00,19.56,0.0
1049,2021-07-09 14:26:00,19.56,0.0
1050,2021-07-09 14:26:00,19.56,0.0
1051,2021-07-09 14:26:00,19.56,0.0
1052,2021-07-09 14:27:00,19.57,0.0005112474437629633
1053,2021-07-09 14:27:00,19.56,-0.0005109862033726431
1054,2021-07-09 14:27:00,19.56,0.0
1055,2021-07-09 14:27:00,19.56,0.0
1056,2021-07-09 14:27:00,19.56,0.0
1057,2021-07-09 14:27:00,19.55,-0.0005112474437626302
1058,2021-07-09 14:28:00,19.55,0.0
1059,2021-07-09 14:28:00,19.55,0.0
1060,2021-07-09 14:28:00,19.55,0.0
1061,2021-07-09 14:29:00,19.57,0.001023017902813228
1062,2021-07-09 14:29:00,19.57,0.0
1063,2021-07-09 14:29:00,19.57,0.0
1064,2021-07-09 14:30:00,19.57,0.0
1065,2021-07-09 14:30:00,19.57,0.0
1066,2021-07-09 14:30:00,19.57,0.0
1067,2021-07-09 14:30:00,19.56,-0.0005109862033726431
1068,2021-07-09 14:30:00,19.58,0.0010224948875254825
1069,2021-07-09 14:30:00,19.58,0.0
1070,2021-07-09 14:31:00,19.57,-0.0005107252298262033
1071,2021-07-09 14:31:00,19.57,0.0
1072,2021-07-09 14:32:00,19.57,0.0
1073,2021-07-09 14:32:00,19.56,-0.0005109862033726431
1074,2021-07-09 14:33:00,19.58,0.0010224948875254825
1075,2021-07-09 14:33:00,19.56,-0.0010214504596527396
1076,2021-07-09 14:33:00,19.57,0.0005112474437629633
1077,2021-07-09 14:34:00,19.57,0.0
1078,2021-07-09 14:34:00,19.57,0.0
1079,2021-07-09 14:35:00,19.58,0.00051098620337231
1080,2021-07-09 14:36:00,19.58,0.0
1081,2021-07-09 14:36:00,19.58,0.0
1082,2021-07-09 14:36:00,19.58,0.0
1083,2021-07-09 14:36:00,19.58,0.0
1084,2021-07-09 14:36:00,19.58,0.0
1085,2021-07-09 14:37:00,19.57,-0.0005107252298262033
1086,2021-07-09 14:37:00,19.58,0.00051098620337231
1087,2021-07-09 14:37:00,19.58,0.0
1088,2021-07-09 14:38:00,19.58,0.0
1089,2021-07-09 14:38:00,19.58,0.0
1090,2021-07-09 14:38:00,19.58,0.0
1091,2021-07-09 14:38:00,19.58,0.0
1092,2021-07-09 14:38:00,19.57,-0.0005107252298262033
1093,2021-07-09 14:38:00,19.57,0.0
1094,2021-07-09 14:39:00,19.57,0.0
1095,2021-07-09 14:39:00,19.58,0.00051098620337231
1096,2021-07-09 14:39:00,19.57,-0.0005107252298262033
1097,2021-07-09 14:39:00,19.57,0.0
1098,2021-07-09 14:39:00,19.58,0.00051098620337231
1099,2021-07-09 14:39:00,19.58,0.0
1100,2021-07-09 14:39:00,19.58,0.0
1101,2021-07-09 14:39:00,19.59,0.0005107252298264253
1102,2021-07-09 14:40:00,19.59,0.0
1103,2021-07-09 14:40:00,19.59,0.0
1104,2021-07-09 14:40:00,19.59,0.0
1105,2021-07-09 14:41:00,19.59,0.0
1106,2021-07-09 14:41:00,19.58,-0.0005104645227157478
1107,2021-07-09 14:41:00,19.58,0.0
1108,2021-07-09 14:41:00,19.58,0.0
1109,2021-07-09 14:41:00,19.59,0.0005107252298264253
1110,2021-07-09 14:41:00,19.58,-0.0005104645227157478
1111,2021-07-09 14:42:00,19.58,0.0
1112,2021-07-09 14:42:00,19.58,0.0
1113,2021-07-09 14:42:00,19.58,0.0
1114,2021-07-09 14:42:00,19.58,0.0
1115,2021-07-09 14:42:00,19.58,0.0
1116,2021-07-09 14:43:00,19.59,0.0005107252298264253
1117,2021-07-09 14:44:00,19.58,-0.0005104645227157478
1118,2021-07-09 14:44:00,19.58,0.0
1119,2021-07-09 14:44:00,19.59,0.0005107252298264253
1120,2021-07-09 14:44:00,19.59,0.0
1121,2021-07-09 14:44:00,19.59,0.0
1122,2021-07-09 14:44:00,19.59,0.0
1123,2021-07-09 14:44:00,19.6,0.0005104645227158588
1124,2021-07-09 14:44:00,19.6,0.0
1125,2021-07-09 14:45:00,19.6,0.0
1126,2021-07-09 14:45:00,19.6,0.0
1127,2021-07-09 14:45:00,19.61,0.0005102040816324926
1128,2021-07-09 14:45:00,19.61,0.0
1129,2021-07-09 14:45:00,19.61,0.0
1130,2021-07-09 14:46:00,19.61,0.0
1131,2021-07-09 14:46:00,19.61,0.0
1132,2021-07-09 14:46:00,19.61,0.0
1133,2021-07-09 14:46:00,19.61,0.0
1134,2021-07-09 14:46:00,19.61,0.0
1135,2021-07-09 14:46:00,19.61,0.0
1136,2021-07-09 14:46:00,19.63,0.0010198878123406363
1137,2021-07-09 14:46:00,19.62,-0.0005094243504838447
1138,2021-07-09 14:46:00,19.62,0.0
1139,2021-07-09 14:46:00,19.63,0.0005096839959224386
1140,2021-07-09 14:47:00,19.62,-0.0005094243504838447
1141,2021-07-09 14:47:00,19.62,0.0
1142,2021-07-09 14:47:00,19.61,-0.0005096839959226607
1143,2021-07-09 14:47:00,19.61,0.0
1144,2021-07-09 14:47:00,19.61,0.0
1145,2021-07-09 14:47:00,19.6,-0.0005099439061702071
1146,2021-07-09 14:47:00,19.6,0.0
1147,2021-07-09 14:47:00,19.6,0.0
1148,2021-07-09 14:48:00,19.59,-0.0005102040816327147
1149,2021-07-09 14:48:00,19.59,0.0
1150,2021-07-09 14:48:00,19.59,0.0
1151,2021-07-09 14:49:00,19.59,0.0
1152,2021-07-09 14:49:00,19.6,0.0005104645227158588
1153,2021-07-09 14:49:00,19.6,0.0
1154,2021-07-09 14:49:00,19.6,0.0
1155,2021-07-09 14:49:00,19.59,-0.0005102040816327147
1156,2021-07-09 14:49:00,19.59,0.0
1157,2021-07-09 14:50:00,19.59,0.0
1158,2021-07-09 14:50:00,19.59,0.0
1159,2021-07-09 14:50:00,19.59,0.0
1160,2021-07-09 14:50:00,19.59,0.0
1161,2021-07-09 14:50:00,19.59,0.0
1162,2021-07-09 14:50:00,19.58,-0.0005104645227157478
1163,2021-07-09 14:50:00,19.58,0.0
1164,2021-07-09 14:50:00,19.58,0.0
1165,2021-07-09 14:50:00,19.58,0.0
1166,2021-07-09 14:51:00,19.58,0.0
1167,2021-07-09 14:51:00,19.58,0.0
1168,2021-07-09 14:51:00,19.58,0.0
1169,2021-07-09 14:51:00,19.58,0.0
1170,2021-07-09 14:51:00,19.58,0.0
1171,2021-07-09 14:51:00,19.58,0.0
1172,2021-07-09 14:51:00,19.58,0.0
1173,2021-07-09 14:51:00,19.57,-0.0005107252298262033
1174,2021-07-09 14:51:00,19.58,0.00051098620337231
1175,2021-07-09 14:51:00,19.57,-0.0005107252298262033
1176,2021-07-09 14:52:00,19.57,0.0
1177,2021-07-09 14:52:00,19.57,0.0
1178,2021-07-09 14:52:00,19.58,0.00051098620337231
1179,2021-07-09 14:52:00,19.57,-0.0005107252298262033
1180,2021-07-09 14:52:00,19.57,0.0
1181,2021-07-09 14:52:00,19.58,0.00051098620337231
1182,2021-07-09 14:53:00,19.58,0.0
1183,2021-07-09 14:53:00,19.57,-0.0005107252298262033
1184,2021-07-09 14:53:00,19.58,0.00051098620337231
1185,2021-07-09 14:53:00,19.58,0.0
1186,2021-07-09 14:53:00,19.57,-0.0005107252298262033
1187,2021-07-09 14:53:00,19.57,0.0
1188,2021-07-09 14:53:00,19.58,0.00051098620337231
1189,2021-07-09 14:54:00,19.59,0.0005107252298264253
1190,2021-07-09 14:54:00,19.59,0.0
1191,2021-07-09 14:54:00,19.6,0.0005104645227158588
1192,2021-07-09 14:54:00,19.6,0.0
1193,2021-07-09 14:54:00,19.6,0.0
1194,2021-07-09 14:54:00,19.6,0.0
1195,2021-07-09 14:54:00,19.59,-0.0005102040816327147
1196,2021-07-09 14:54:00,19.6,0.0005104645227158588
1197,2021-07-09 14:54:00,19.6,0.0
1198,2021-07-09 14:54:00,19.6,0.0
1199,2021-07-09 14:54:00,19.6,0.0
1200,2021-07-09 14:55:00,19.61,0.0005102040816324926
1201,2021-07-09 14:55:00,19.61,0.0
1202,2021-07-09 14:55:00,19.6,-0.0005099439061702071
1203,2021-07-09 14:55:00,19.61,0.0005102040816324926
1204,2021-07-09 14:55:00,19.6,-0.0005099439061702071
1205,2021-07-09 14:55:00,19.6,0.0
1206,2021-07-09 14:55:00,19.6,0.0
1207,2021-07-09 14:55:00,19.6,0.0
1208,2021-07-09 14:55:00,19.61,0.0005102040816324926
1209,2021-07-09 14:56:00,19.6,-0.0005099439061702071
1210,2021-07-09 14:56:00,19.6,0.0
1211,2021-07-09 14:56:00,19.61,0.0005102040816324926
1212,2021-07-09 14:56:00,19.61,0.0
1213,2021-07-09 14:56:00,19.6,-0.0005099439061702071
1214,2021-07-09 14:56:00,19.6,0.0
1215,2021-07-09 14:56:00,19.6,0.0
1216,2021-07-09 14:56:00,19.6,0.0
1217,2021-07-09 14:56:00,19.6,0.0
1218,2021-07-09 14:56:00,19.6,0.0
1219,2021-07-09 14:56:00,19.6,0.0
1220,2021-07-09 14:56:00,19.6,0.0
1221,2021-07-09 14:56:00,19.6,0.0
1222,2021-07-09 15:00:00,19.61,0.0005102040816324926
