datetime,price,vol,B/S,order
2021-07-16 09:25:00,19.02,139,2,0
2021-07-16 09:30:00,19.09,15,2,1
2021-07-16 09:30:00,19.03,59,1,2
2021-07-16 09:30:00,19.05,1,1,3
2021-07-16 09:30:00,19.04,27,1,4
2021-07-16 09:30:00,19.02,168,1,5
2021-07-16 09:30:00,19.05,16,0,6
2021-07-16 09:30:00,19.07,18,0,7
2021-07-16 09:30:00,19.03,1,2,8
2021-07-16 09:30:00,19.04,3,0,9
2021-07-16 09:30:00,19.04,17,0,10
2021-07-16 09:30:00,19.03,12,1,11
2021-07-16 09:30:00,19.04,10,0,12
2021-07-16 09:30:00,19.05,38,0,13
2021-07-16 09:30:00,19.05,1,0,14
2021-07-16 09:30:00,19.05,5,0,15
2021-07-16 09:30:00,19.05,12,0,16
2021-07-16 09:31:00,19.05,15,0,17
2021-07-16 09:31:00,19.05,21,1,18
2021-07-16 09:31:00,19.07,1,0,19
2021-07-16 09:31:00,19.07,14,0,20
2021-07-16 09:31:00,19.07,2,0,21
2021-07-16 09:31:00,19.07,22,0,22
2021-07-16 09:31:00,19.07,2,1,23
2021-07-16 09:31:00,19.1,5,0,24
2021-07-16 09:31:00,19.1,8,1,25
2021-07-16 09:31:00,19.1,1,1,26
2021-07-16 09:32:00,19.12,20,0,27
2021-07-16 09:32:00,19.13,41,0,28
2021-07-16 09:32:00,19.1,2,1,29
2021-07-16 09:32:00,19.1,25,1,30
2021-07-16 09:32:00,19.1,5,1,31
2021-07-16 09:32:00,19.1,5,1,32
2021-07-16 09:32:00,19.1,20,1,33
2021-07-16 09:32:00,19.11,12,1,34
2021-07-16 09:32:00,19.13,36,0,35
2021-07-16 09:32:00,19.13,13,0,36
2021-07-16 09:32:00,19.13,2,1,37
2021-07-16 09:33:00,19.13,15,0,38
2021-07-16 09:33:00,19.12,3,1,39
2021-07-16 09:33:00,19.11,17,1,40
2021-07-16 09:33:00,19.11,15,1,41
2021-07-16 09:33:00,19.11,4,1,42
2021-07-16 09:33:00,19.11,19,1,43
2021-07-16 09:33:00,19.11,10,1,44
2021-07-16 09:33:00,19.1,7,1,45
2021-07-16 09:33:00,19.11,21,0,46
2021-07-16 09:33:00,19.11,18,0,47
2021-07-16 09:33:00,19.1,5,1,48
2021-07-16 09:33:00,19.1,2,0,49
2021-07-16 09:34:00,19.1,7,1,50
2021-07-16 09:34:00,19.1,2,0,51
2021-07-16 09:34:00,19.09,7,1,52
2021-07-16 09:34:00,19.09,11,1,53
2021-07-16 09:34:00,19.09,1,1,54
2021-07-16 09:34:00,19.09,7,1,55
2021-07-16 09:34:00,19.09,12,0,56
2021-07-16 09:34:00,19.09,2,0,57
2021-07-16 09:34:00,19.08,1,1,58
2021-07-16 09:34:00,19.08,1,0,59
2021-07-16 09:34:00,19.07,20,1,60
2021-07-16 09:35:00,19.08,6,0,61
2021-07-16 09:35:00,19.06,9,1,62
2021-07-16 09:35:00,19.06,3,0,63
2021-07-16 09:35:00,19.05,8,1,64
2021-07-16 09:35:00,19.05,1,1,65
2021-07-16 09:35:00,19.06,8,0,66
2021-07-16 09:35:00,19.06,13,0,67
2021-07-16 09:35:00,19.05,27,1,68
2021-07-16 09:35:00,19.05,1,0,69
2021-07-16 09:35:00,19.05,4,0,70
2021-07-16 09:36:00,19.05,7,0,71
2021-07-16 09:36:00,19.05,4,1,72
2021-07-16 09:36:00,19.05,3,1,73
2021-07-16 09:36:00,19.06,1,0,74
2021-07-16 09:36:00,19.06,17,0,75
2021-07-16 09:36:00,19.06,13,0,76
2021-07-16 09:36:00,19.06,7,1,77
2021-07-16 09:36:00,19.08,5,0,78
2021-07-16 09:36:00,19.08,5,0,79
2021-07-16 09:36:00,19.07,1,1,80
2021-07-16 09:37:00,19.06,26,1,81
2021-07-16 09:37:00,19.06,8,1,82
2021-07-16 09:37:00,19.06,42,1,83
2021-07-16 09:37:00,19.06,70,0,84
2021-07-16 09:37:00,19.07,1,0,85
2021-07-16 09:37:00,19.06,9,1,86
2021-07-16 09:37:00,19.06,7,0,87
2021-07-16 09:37:00,19.06,1,1,88
2021-07-16 09:37:00,19.07,17,0,89
2021-07-16 09:37:00,19.08,14,0,90
2021-07-16 09:38:00,19.08,12,0,91
2021-07-16 09:38:00,19.08,38,0,92
2021-07-16 09:38:00,19.09,15,0,93
2021-07-16 09:38:00,19.09,7,0,94
2021-07-16 09:38:00,19.09,5,1,95
2021-07-16 09:38:00,19.09,1,1,96
2021-07-16 09:38:00,19.09,3,1,97
2021-07-16 09:39:00,19.1,1,0,98
2021-07-16 09:39:00,19.1,1,0,99
2021-07-16 09:39:00,19.1,12,0,100
2021-07-16 09:39:00,19.09,4,1,101
2021-07-16 09:39:00,19.09,14,1,102
2021-07-16 09:40:00,19.09,1,0,103
2021-07-16 09:40:00,19.08,6,1,104
2021-07-16 09:40:00,19.08,19,1,105
2021-07-16 09:40:00,19.08,3,1,106
2021-07-16 09:41:00,19.08,24,1,107
2021-07-16 09:41:00,19.07,27,1,108
2021-07-16 09:41:00,19.07,5,1,109
2021-07-16 09:41:00,19.07,3,1,110
2021-07-16 09:41:00,19.07,7,1,111
2021-07-16 09:41:00,19.07,13,1,112
2021-07-16 09:41:00,19.07,8,1,113
2021-07-16 09:41:00,19.07,17,1,114
2021-07-16 09:42:00,19.07,5,0,115
2021-07-16 09:42:00,19.07,2,0,116
2021-07-16 09:42:00,19.07,5,0,117
2021-07-16 09:42:00,19.07,9,0,118
2021-07-16 09:42:00,19.07,1,1,119
2021-07-16 09:42:00,19.07,7,1,120
2021-07-16 09:42:00,19.07,3,1,121
2021-07-16 09:42:00,19.07,17,1,122
2021-07-16 09:42:00,19.08,5,0,123
2021-07-16 09:43:00,19.08,33,0,124
2021-07-16 09:43:00,19.08,10,0,125
2021-07-16 09:43:00,19.07,2,1,126
2021-07-16 09:43:00,19.06,1,1,127
2021-07-16 09:44:00,19.06,2,1,128
2021-07-16 09:44:00,19.06,8,1,129
2021-07-16 09:44:00,19.06,10,1,130
2021-07-16 09:44:00,19.07,18,0,131
2021-07-16 09:44:00,19.06,25,1,132
2021-07-16 09:44:00,19.05,6,1,133
2021-07-16 09:44:00,19.05,5,1,134
2021-07-16 09:44:00,19.05,18,1,135
2021-07-16 09:45:00,19.06,25,0,136
2021-07-16 09:45:00,19.05,12,1,137
2021-07-16 09:45:00,19.05,6,1,138
2021-07-16 09:45:00,19.05,7,1,139
2021-07-16 09:45:00,19.05,15,1,140
2021-07-16 09:45:00,19.05,1,0,141
2021-07-16 09:45:00,19.04,72,1,142
2021-07-16 09:46:00,19.03,82,1,143
2021-07-16 09:46:00,19.02,64,1,144
2021-07-16 09:46:00,19.02,58,0,145
2021-07-16 09:46:00,19.02,21,1,146
2021-07-16 09:46:00,19.01,27,1,147
2021-07-16 09:46:00,19.01,6,1,148
2021-07-16 09:47:00,19.01,15,1,149
2021-07-16 09:47:00,19.02,50,0,150
2021-07-16 09:47:00,19.02,47,0,151
2021-07-16 09:47:00,19.01,22,1,152
2021-07-16 09:47:00,19.02,13,0,153
2021-07-16 09:47:00,19.02,17,1,154
2021-07-16 09:47:00,19.02,2,0,155
2021-07-16 09:47:00,19.02,18,0,156
2021-07-16 09:47:00,19.02,9,0,157
2021-07-16 09:47:00,19.01,62,1,158
2021-07-16 09:47:00,19.01,3,0,159
2021-07-16 09:47:00,19.0,100,1,160
2021-07-16 09:47:00,19.0,18,1,161
2021-07-16 09:47:00,19.01,2,0,162
2021-07-16 09:47:00,19.0,1,1,163
2021-07-16 09:48:00,19.0,32,0,164
2021-07-16 09:48:00,19.0,40,1,165
2021-07-16 09:48:00,19.02,6,0,166
2021-07-16 09:48:00,19.01,11,1,167
2021-07-16 09:48:00,19.01,5,1,168
2021-07-16 09:48:00,19.01,10,1,169
2021-07-16 09:48:00,19.01,7,1,170
2021-07-16 09:48:00,19.0,12,1,171
2021-07-16 09:48:00,19.01,6,0,172
2021-07-16 09:48:00,19.01,59,0,173
2021-07-16 09:49:00,19.01,3,1,174
2021-07-16 09:49:00,19.01,41,1,175
2021-07-16 09:49:00,19.0,7,1,176
2021-07-16 09:49:00,19.01,5,1,177
2021-07-16 09:49:00,19.02,10,0,178
2021-07-16 09:49:00,19.02,3,0,179
2021-07-16 09:49:00,19.01,5,1,180
2021-07-16 09:49:00,19.01,5,0,181
2021-07-16 09:49:00,19.01,35,0,182
2021-07-16 09:49:00,19.01,2,1,183
2021-07-16 09:49:00,19.01,19,1,184
2021-07-16 09:49:00,19.01,26,0,185
2021-07-16 09:49:00,19.01,2,1,186
2021-07-16 09:50:00,19.02,16,0,187
2021-07-16 09:50:00,19.02,50,0,188
2021-07-16 09:50:00,19.02,2,1,189
2021-07-16 09:50:00,19.03,11,0,190
2021-07-16 09:50:00,19.03,20,0,191
2021-07-16 09:50:00,19.03,8,1,192
2021-07-16 09:50:00,19.04,5,0,193
2021-07-16 09:51:00,19.04,1,1,194
2021-07-16 09:51:00,19.04,1,1,195
2021-07-16 09:51:00,19.04,5,0,196
2021-07-16 09:51:00,19.04,24,0,197
2021-07-16 09:51:00,19.05,30,0,198
2021-07-16 09:51:00,19.05,11,1,199
2021-07-16 09:51:00,19.05,23,1,200
2021-07-16 09:52:00,19.04,2,1,201
2021-07-16 09:53:00,19.05,5,1,202
2021-07-16 09:53:00,19.06,1,0,203
2021-07-16 09:53:00,19.06,10,1,204
2021-07-16 09:53:00,19.06,1,0,205
2021-07-16 09:53:00,19.06,1,0,206
2021-07-16 09:53:00,19.06,2,0,207
2021-07-16 09:53:00,19.06,3,0,208
2021-07-16 09:54:00,19.05,2,1,209
2021-07-16 09:54:00,19.06,3,0,210
2021-07-16 09:54:00,19.06,1,1,211
2021-07-16 09:54:00,19.06,12,1,212
2021-07-16 09:55:00,19.07,17,0,213
2021-07-16 09:55:00,19.08,1,0,214
2021-07-16 09:55:00,19.08,15,0,215
2021-07-16 09:55:00,19.08,1,1,216
2021-07-16 09:55:00,19.08,5,0,217
2021-07-16 09:55:00,19.07,10,1,218
2021-07-16 09:56:00,19.07,10,1,219
2021-07-16 09:56:00,19.08,1,0,220
2021-07-16 09:56:00,19.08,6,0,221
2021-07-16 09:57:00,19.08,11,0,222
2021-07-16 09:57:00,19.08,26,0,223
2021-07-16 09:57:00,19.07,5,1,224
2021-07-16 09:57:00,19.08,13,0,225
2021-07-16 09:57:00,19.08,7,1,226
2021-07-16 09:58:00,19.07,8,1,227
2021-07-16 09:58:00,19.08,3,0,228
2021-07-16 09:58:00,19.08,8,0,229
2021-07-16 09:58:00,19.08,1,1,230
2021-07-16 09:59:00,19.08,6,1,231
2021-07-16 09:59:00,19.08,8,1,232
2021-07-16 09:59:00,19.08,3,1,233
2021-07-16 09:59:00,19.08,1,1,234
2021-07-16 10:00:00,19.09,3,0,235
2021-07-16 10:00:00,19.08,8,1,236
2021-07-16 10:00:00,19.09,2,0,237
2021-07-16 10:00:00,19.09,48,0,238
2021-07-16 10:00:00,19.09,17,1,239
2021-07-16 10:00:00,19.1,2,0,240
2021-07-16 10:01:00,19.09,45,1,241
2021-07-16 10:01:00,19.1,38,0,242
2021-07-16 10:01:00,19.09,3,1,243
2021-07-16 10:01:00,19.09,18,1,244
2021-07-16 10:02:00,19.09,3,0,245
2021-07-16 10:02:00,19.09,6,0,246
2021-07-16 10:02:00,19.08,5,1,247
2021-07-16 10:02:00,19.08,28,1,248
2021-07-16 10:02:00,19.1,3,0,249
2021-07-16 10:03:00,19.1,10,0,250
2021-07-16 10:03:00,19.08,5,1,251
2021-07-16 10:03:00,19.08,2,1,252
2021-07-16 10:03:00,19.1,1,0,253
2021-07-16 10:04:00,19.08,4,1,254
2021-07-16 10:04:00,19.08,1,1,255
2021-07-16 10:04:00,19.1,6,0,256
2021-07-16 10:05:00,19.09,5,2,257
2021-07-16 10:05:00,19.08,22,1,258
2021-07-16 10:06:00,19.09,1,0,259
2021-07-16 10:06:00,19.08,6,1,260
2021-07-16 10:06:00,19.08,25,1,261
2021-07-16 10:06:00,19.08,10,1,262
2021-07-16 10:06:00,19.09,14,0,263
2021-07-16 10:07:00,19.09,3,0,264
2021-07-16 10:07:00,19.09,10,0,265
2021-07-16 10:07:00,19.08,7,1,266
2021-07-16 10:07:00,19.09,3,0,267
2021-07-16 10:07:00,19.08,2,1,268
2021-07-16 10:07:00,19.08,24,1,269
2021-07-16 10:08:00,19.08,5,1,270
2021-07-16 10:08:00,19.08,2,1,271
2021-07-16 10:08:00,19.09,3,0,272
2021-07-16 10:08:00,19.09,7,0,273
2021-07-16 10:09:00,19.09,1,1,274
2021-07-16 10:09:00,19.09,1,1,275
2021-07-16 10:09:00,19.1,3,0,276
2021-07-16 10:10:00,19.09,5,1,277
2021-07-16 10:10:00,19.09,1,1,278
2021-07-16 10:10:00,19.09,7,1,279
2021-07-16 10:11:00,19.09,7,1,280
2021-07-16 10:12:00,19.08,1,1,281
2021-07-16 10:12:00,19.09,1,0,282
2021-07-16 10:12:00,19.08,1,1,283
2021-07-16 10:12:00,19.08,5,1,284
2021-07-16 10:12:00,19.08,15,1,285
2021-07-16 10:13:00,19.08,2,1,286
2021-07-16 10:13:00,19.07,75,1,287
2021-07-16 10:13:00,19.04,53,1,288
2021-07-16 10:14:00,19.04,5,1,289
2021-07-16 10:14:00,19.04,10,1,290
2021-07-16 10:15:00,19.05,11,1,291
2021-07-16 10:16:00,19.06,4,0,292
2021-07-16 10:16:00,19.06,5,0,293
2021-07-16 10:16:00,19.06,2,0,294
2021-07-16 10:16:00,19.06,26,0,295
2021-07-16 10:17:00,19.06,5,0,296
2021-07-16 10:17:00,19.08,30,0,297
2021-07-16 10:17:00,19.09,20,0,298
2021-07-16 10:18:00,19.09,10,0,299
2021-07-16 10:18:00,19.09,2,0,300
2021-07-16 10:18:00,19.08,10,1,301
2021-07-16 10:18:00,19.09,32,0,302
2021-07-16 10:18:00,19.09,11,1,303
2021-07-16 10:18:00,19.09,20,1,304
2021-07-16 10:19:00,19.09,12,1,305
2021-07-16 10:19:00,19.09,3,1,306
2021-07-16 10:19:00,19.1,2,0,307
2021-07-16 10:19:00,19.09,3,1,308
2021-07-16 10:20:00,19.09,1,1,309
2021-07-16 10:20:00,19.09,16,1,310
2021-07-16 10:20:00,19.09,7,1,311
2021-07-16 10:20:00,19.08,22,1,312
2021-07-16 10:21:00,19.08,1,1,313
2021-07-16 10:21:00,19.08,21,1,314
2021-07-16 10:21:00,19.06,1,1,315
2021-07-16 10:21:00,19.08,1,0,316
2021-07-16 10:22:00,19.06,1,1,317
2021-07-16 10:22:00,19.06,20,1,318
2021-07-16 10:23:00,19.05,70,1,319
2021-07-16 10:23:00,19.04,4,1,320
2021-07-16 10:23:00,19.05,47,0,321
2021-07-16 10:24:00,19.05,1,1,322
2021-07-16 10:24:00,19.06,34,0,323
2021-07-16 10:24:00,19.05,30,1,324
2021-07-16 10:24:00,19.05,2,1,325
2021-07-16 10:24:00,19.05,7,1,326
2021-07-16 10:24:00,19.05,3,0,327
2021-07-16 10:24:00,19.05,11,1,328
2021-07-16 10:24:00,19.05,7,1,329
2021-07-16 10:25:00,19.05,1,1,330
2021-07-16 10:25:00,19.05,6,0,331
2021-07-16 10:25:00,19.05,8,0,332
2021-07-16 10:25:00,19.06,1,1,333
2021-07-16 10:26:00,19.06,8,1,334
2021-07-16 10:26:00,19.06,2,0,335
2021-07-16 10:26:00,19.08,6,0,336
2021-07-16 10:27:00,19.06,7,1,337
2021-07-16 10:28:00,19.06,1,1,338
2021-07-16 10:28:00,19.06,2,1,339
2021-07-16 10:28:00,19.05,13,1,340
2021-07-16 10:28:00,19.05,7,1,341
2021-07-16 10:29:00,19.05,2,0,342
2021-07-16 10:29:00,19.05,1,0,343
2021-07-16 10:29:00,19.04,10,1,344
2021-07-16 10:29:00,19.04,33,1,345
2021-07-16 10:29:00,19.04,8,1,346
2021-07-16 10:29:00,19.03,6,1,347
2021-07-16 10:30:00,19.03,28,1,348
2021-07-16 10:30:00,19.03,1,0,349
2021-07-16 10:30:00,19.02,4,1,350
2021-07-16 10:30:00,19.03,1,0,351
2021-07-16 10:30:00,19.02,20,1,352
2021-07-16 10:30:00,19.03,1,0,353
2021-07-16 10:30:00,19.03,1,1,354
2021-07-16 10:31:00,19.03,2,1,355
2021-07-16 10:31:00,19.04,5,0,356
2021-07-16 10:31:00,19.04,5,0,357
2021-07-16 10:31:00,19.05,10,0,358
2021-07-16 10:31:00,19.04,11,1,359
2021-07-16 10:31:00,19.05,63,0,360
2021-07-16 10:32:00,19.05,4,1,361
2021-07-16 10:32:00,19.05,1,1,362
2021-07-16 10:32:00,19.05,4,1,363
2021-07-16 10:32:00,19.05,1,0,364
2021-07-16 10:32:00,19.05,1,0,365
2021-07-16 10:33:00,19.05,5,1,366
2021-07-16 10:33:00,19.05,1,1,367
2021-07-16 10:34:00,19.05,2,0,368
2021-07-16 10:34:00,19.04,1,1,369
2021-07-16 10:34:00,19.02,62,1,370
2021-07-16 10:35:00,19.02,2,1,371
2021-07-16 10:35:00,19.03,1,0,372
2021-07-16 10:35:00,19.02,1,1,373
2021-07-16 10:35:00,19.02,27,1,374
2021-07-16 10:36:00,19.02,1,1,375
2021-07-16 10:36:00,19.03,12,0,376
2021-07-16 10:36:00,19.02,3,1,377
2021-07-16 10:36:00,19.02,112,1,378
2021-07-16 10:36:00,19.02,2,1,379
2021-07-16 10:37:00,19.02,6,1,380
2021-07-16 10:37:00,19.02,12,1,381
2021-07-16 10:37:00,19.02,23,1,382
2021-07-16 10:37:00,19.03,84,0,383
2021-07-16 10:37:00,19.01,2,1,384
2021-07-16 10:37:00,19.02,3,1,385
2021-07-16 10:38:00,19.02,1,1,386
2021-07-16 10:38:00,19.01,10,1,387
2021-07-16 10:38:00,19.02,8,0,388
2021-07-16 10:38:00,19.02,1,0,389
2021-07-16 10:38:00,19.02,29,0,390
2021-07-16 10:38:00,19.02,3,1,391
2021-07-16 10:39:00,19.02,1,1,392
2021-07-16 10:39:00,19.03,10,0,393
2021-07-16 10:40:00,19.03,10,0,394
2021-07-16 10:40:00,19.03,5,0,395
2021-07-16 10:40:00,19.03,7,0,396
2021-07-16 10:40:00,19.03,10,1,397
2021-07-16 10:40:00,19.03,6,1,398
2021-07-16 10:40:00,19.02,10,1,399
2021-07-16 10:40:00,19.03,10,0,400
2021-07-16 10:41:00,19.03,13,0,401
2021-07-16 10:41:00,19.03,3,0,402
2021-07-16 10:41:00,19.04,5,0,403
2021-07-16 10:42:00,19.03,32,1,404
2021-07-16 10:43:00,19.04,2,0,405
2021-07-16 10:43:00,19.03,4,1,406
2021-07-16 10:43:00,19.03,2,0,407
2021-07-16 10:43:00,19.03,1,0,408
2021-07-16 10:44:00,19.03,10,1,409
2021-07-16 10:44:00,19.02,13,1,410
2021-07-16 10:44:00,19.02,1,1,411
2021-07-16 10:44:00,19.02,63,1,412
2021-07-16 10:44:00,19.02,12,1,413
2021-07-16 10:44:00,19.02,20,1,414
2021-07-16 10:45:00,19.03,28,0,415
2021-07-16 10:45:00,19.03,12,0,416
2021-07-16 10:45:00,19.03,1,0,417
2021-07-16 10:46:00,19.03,1,0,418
2021-07-16 10:46:00,19.02,10,1,419
2021-07-16 10:46:00,19.03,3,0,420
2021-07-16 10:46:00,19.02,2,1,421
2021-07-16 10:46:00,19.02,10,1,422
2021-07-16 10:46:00,19.02,5,1,423
2021-07-16 10:46:00,19.02,5,1,424
2021-07-16 10:47:00,19.02,10,1,425
2021-07-16 10:47:00,19.02,50,1,426
2021-07-16 10:47:00,19.02,10,1,427
2021-07-16 10:47:00,19.02,7,1,428
2021-07-16 10:47:00,19.02,7,1,429
2021-07-16 10:48:00,19.02,4,1,430
2021-07-16 10:48:00,19.02,2,1,431
2021-07-16 10:48:00,19.03,1,0,432
2021-07-16 10:49:00,19.02,16,1,433
2021-07-16 10:50:00,19.02,9,1,434
2021-07-16 10:50:00,19.02,5,1,435
2021-07-16 10:50:00,19.03,3,0,436
2021-07-16 10:51:00,19.02,10,1,437
2021-07-16 10:51:00,19.02,7,1,438
2021-07-16 10:51:00,19.02,1,1,439
2021-07-16 10:51:00,19.02,10,1,440
2021-07-16 10:52:00,19.02,12,1,441
2021-07-16 10:52:00,19.02,10,0,442
2021-07-16 10:52:00,19.01,1,1,443
2021-07-16 10:52:00,19.01,4,1,444
2021-07-16 10:52:00,19.01,12,1,445
2021-07-16 10:53:00,19.01,1,1,446
2021-07-16 10:53:00,19.01,1,1,447
2021-07-16 10:53:00,19.01,50,1,448
2021-07-16 10:53:00,19.01,30,1,449
2021-07-16 10:53:00,19.01,3,1,450
2021-07-16 10:53:00,19.01,4,1,451
2021-07-16 10:53:00,19.01,5,1,452
2021-07-16 10:53:00,19.02,4,0,453
2021-07-16 10:53:00,19.01,11,1,454
2021-07-16 10:53:00,19.01,10,1,455
2021-07-16 10:54:00,19.02,11,0,456
2021-07-16 10:54:00,19.01,7,1,457
2021-07-16 10:54:00,19.01,86,1,458
2021-07-16 10:54:00,19.01,3,1,459
2021-07-16 10:54:00,19.02,85,0,460
2021-07-16 10:54:00,19.02,1,0,461
2021-07-16 10:55:00,19.02,39,0,462
2021-07-16 10:55:00,19.01,11,1,463
2021-07-16 10:56:00,19.02,1,0,464
2021-07-16 10:57:00,19.02,5,0,465
2021-07-16 10:57:00,19.01,53,1,466
2021-07-16 10:57:00,19.01,11,1,467
2021-07-16 10:58:00,19.01,1,1,468
2021-07-16 10:58:00,19.02,30,0,469
2021-07-16 10:58:00,19.01,1,1,470
2021-07-16 10:58:00,19.02,11,0,471
2021-07-16 10:59:00,19.02,8,1,472
2021-07-16 11:00:00,19.03,7,0,473
2021-07-16 11:00:00,19.03,3,0,474
2021-07-16 11:00:00,19.03,1,0,475
2021-07-16 11:00:00,19.03,18,0,476
2021-07-16 11:00:00,19.03,16,0,477
2021-07-16 11:00:00,19.03,9,0,478
2021-07-16 11:01:00,19.04,7,0,479
2021-07-16 11:01:00,19.04,5,0,480
2021-07-16 11:01:00,19.04,11,0,481
2021-07-16 11:01:00,19.04,2,0,482
2021-07-16 11:01:00,19.04,5,0,483
2021-07-16 11:01:00,19.04,1,0,484
2021-07-16 11:01:00,19.03,2,1,485
2021-07-16 11:02:00,19.04,7,0,486
2021-07-16 11:02:00,19.03,2,1,487
2021-07-16 11:03:00,19.03,10,1,488
2021-07-16 11:03:00,19.03,8,0,489
2021-07-16 11:04:00,19.03,1,0,490
2021-07-16 11:04:00,19.02,20,1,491
2021-07-16 11:05:00,19.02,85,1,492
2021-07-16 11:05:00,19.02,1,0,493
2021-07-16 11:05:00,19.02,14,0,494
2021-07-16 11:05:00,19.02,14,1,495
2021-07-16 11:06:00,19.02,2,1,496
2021-07-16 11:07:00,19.03,3,0,497
2021-07-16 11:07:00,19.02,42,1,498
2021-07-16 11:07:00,19.02,1,0,499
2021-07-16 11:07:00,19.01,1,1,500
2021-07-16 11:07:00,19.01,5,1,501
2021-07-16 11:07:00,19.01,16,1,502
2021-07-16 11:08:00,19.02,40,0,503
2021-07-16 11:08:00,19.03,1,0,504
2021-07-16 11:09:00,19.02,5,1,505
2021-07-16 11:09:00,19.02,5,1,506
2021-07-16 11:10:00,19.02,2,1,507
2021-07-16 11:10:00,19.03,2,0,508
2021-07-16 11:11:00,19.03,22,0,509
2021-07-16 11:11:00,19.03,1,0,510
2021-07-16 11:12:00,19.02,5,1,511
2021-07-16 11:13:00,19.02,1,1,512
2021-07-16 11:13:00,19.02,3,1,513
2021-07-16 11:15:00,19.03,14,0,514
2021-07-16 11:15:00,19.03,16,1,515
2021-07-16 11:16:00,19.03,1,0,516
2021-07-16 11:16:00,19.03,1,0,517
2021-07-16 11:16:00,19.02,5,1,518
2021-07-16 11:17:00,19.03,2,0,519
2021-07-16 11:17:00,19.02,69,1,520
2021-07-16 11:17:00,19.01,2,1,521
2021-07-16 11:17:00,19.02,4,0,522
2021-07-16 11:18:00,19.01,2,1,523
2021-07-16 11:18:00,19.02,1,0,524
2021-07-16 11:18:00,19.01,30,1,525
2021-07-16 11:18:00,19.01,38,1,526
2021-07-16 11:19:00,19.02,5,0,527
2021-07-16 11:19:00,19.01,12,1,528
2021-07-16 11:19:00,19.01,9,1,529
2021-07-16 11:19:00,19.01,7,1,530
2021-07-16 11:19:00,19.0,13,1,531
2021-07-16 11:19:00,19.01,12,0,532
2021-07-16 11:19:00,19.0,30,1,533
2021-07-16 11:20:00,19.0,2,1,534
2021-07-16 11:20:00,19.01,14,0,535
2021-07-16 11:20:00,19.02,20,0,536
2021-07-16 11:20:00,19.01,5,1,537
2021-07-16 11:20:00,19.01,9,1,538
2021-07-16 11:20:00,19.01,48,1,539
2021-07-16 11:20:00,19.01,2,1,540
2021-07-16 11:21:00,19.01,2,1,541
2021-07-16 11:21:00,19.01,2,1,542
2021-07-16 11:21:00,19.01,15,1,543
2021-07-16 11:21:00,19.01,1,1,544
2021-07-16 11:22:00,19.01,19,1,545
2021-07-16 11:22:00,19.01,3,0,546
2021-07-16 11:22:00,19.01,16,0,547
2021-07-16 11:22:00,19.0,12,1,548
2021-07-16 11:22:00,19.01,4,0,549
2021-07-16 11:22:00,19.01,56,1,550
2021-07-16 11:23:00,19.0,10,1,551
2021-07-16 11:24:00,19.01,3,0,552
2021-07-16 11:24:00,19.0,170,1,553
2021-07-16 11:24:00,19.0,36,1,554
2021-07-16 11:24:00,19.0,28,1,555
2021-07-16 11:24:00,19.0,10,1,556
2021-07-16 11:24:00,19.0,20,1,557
2021-07-16 11:24:00,18.99,53,1,558
2021-07-16 11:24:00,18.99,13,1,559
2021-07-16 11:24:00,18.99,4,1,560
2021-07-16 11:25:00,18.99,5,1,561
2021-07-16 11:25:00,18.98,17,1,562
2021-07-16 11:25:00,18.98,8,1,563
2021-07-16 11:25:00,18.98,71,1,564
2021-07-16 11:25:00,18.96,35,1,565
2021-07-16 11:25:00,18.96,1,1,566
2021-07-16 11:25:00,18.95,1,1,567
2021-07-16 11:25:00,18.95,3,1,568
2021-07-16 11:25:00,18.95,1,1,569
2021-07-16 11:25:00,18.95,5,1,570
2021-07-16 11:26:00,18.94,60,1,571
2021-07-16 11:26:00,18.94,57,1,572
2021-07-16 11:26:00,18.94,5,0,573
2021-07-16 11:26:00,18.93,5,1,574
2021-07-16 11:26:00,18.93,3,1,575
2021-07-16 11:26:00,18.94,9,0,576
2021-07-16 11:26:00,18.93,6,1,577
2021-07-16 11:26:00,18.94,6,0,578
2021-07-16 11:26:00,18.94,11,0,579
2021-07-16 11:26:00,18.94,6,0,580
2021-07-16 11:26:00,18.95,7,0,581
2021-07-16 11:26:00,18.94,14,1,582
2021-07-16 11:27:00,18.94,9,1,583
2021-07-16 11:27:00,18.95,22,0,584
2021-07-16 11:27:00,18.94,3,1,585
2021-07-16 11:27:00,18.94,16,1,586
2021-07-16 11:27:00,18.94,5,0,587
2021-07-16 11:27:00,18.95,31,0,588
2021-07-16 11:27:00,18.97,6,0,589
2021-07-16 11:27:00,18.97,1,0,590
2021-07-16 11:27:00,18.97,3,0,591
2021-07-16 11:27:00,18.97,3,0,592
2021-07-16 11:28:00,18.97,1,1,593
2021-07-16 11:28:00,18.97,8,1,594
2021-07-16 11:28:00,18.97,2,0,595
2021-07-16 11:28:00,18.97,1,0,596
2021-07-16 11:28:00,18.97,5,0,597
2021-07-16 11:28:00,18.97,1,0,598
2021-07-16 11:29:00,18.97,2,0,599
2021-07-16 11:29:00,18.97,5,0,600
2021-07-16 11:29:00,18.96,2,1,601
2021-07-16 11:29:00,18.96,2,1,602
2021-07-16 11:29:00,18.96,5,1,603
2021-07-16 11:29:00,18.97,38,0,604
2021-07-16 11:29:00,18.97,1,0,605
2021-07-16 13:00:00,18.96,1,1,606
2021-07-16 13:00:00,18.97,50,0,607
2021-07-16 13:00:00,18.96,43,1,608
2021-07-16 13:00:00,18.96,5,0,609
2021-07-16 13:00:00,18.96,10,1,610
2021-07-16 13:00:00,18.96,10,2,611
2021-07-16 13:01:00,18.97,8,0,612
2021-07-16 13:01:00,18.97,1,0,613
2021-07-16 13:01:00,18.97,1,0,614
2021-07-16 13:01:00,18.96,1,1,615
2021-07-16 13:01:00,18.96,11,1,616
2021-07-16 13:02:00,18.96,5,0,617
2021-07-16 13:02:00,18.96,6,0,618
2021-07-16 13:02:00,18.96,2,1,619
2021-07-16 13:02:00,18.97,7,0,620
2021-07-16 13:02:00,18.96,15,1,621
2021-07-16 13:03:00,18.96,4,1,622
2021-07-16 13:03:00,18.96,2,0,623
2021-07-16 13:03:00,18.95,10,1,624
2021-07-16 13:03:00,18.95,14,1,625
2021-07-16 13:03:00,18.95,3,1,626
2021-07-16 13:03:00,18.96,3,0,627
2021-07-16 13:03:00,18.96,20,0,628
2021-07-16 13:04:00,18.95,5,1,629
2021-07-16 13:04:00,18.96,2,0,630
2021-07-16 13:04:00,18.95,1,1,631
2021-07-16 13:04:00,18.95,10,1,632
2021-07-16 13:04:00,18.95,6,1,633
2021-07-16 13:04:00,18.95,11,1,634
2021-07-16 13:04:00,18.95,2,1,635
2021-07-16 13:04:00,18.95,4,1,636
2021-07-16 13:05:00,18.95,2,1,637
2021-07-16 13:05:00,18.95,22,1,638
2021-07-16 13:05:00,18.96,14,0,639
2021-07-16 13:06:00,18.95,2,1,640
2021-07-16 13:06:00,18.96,6,0,641
2021-07-16 13:06:00,18.95,7,1,642
2021-07-16 13:06:00,18.95,7,1,643
2021-07-16 13:06:00,18.95,6,1,644
2021-07-16 13:06:00,18.95,4,1,645
2021-07-16 13:06:00,18.95,7,1,646
2021-07-16 13:06:00,18.95,24,1,647
2021-07-16 13:06:00,18.95,3,1,648
2021-07-16 13:07:00,18.95,5,1,649
2021-07-16 13:07:00,18.95,10,1,650
2021-07-16 13:07:00,18.95,50,1,651
2021-07-16 13:07:00,18.95,1,0,652
2021-07-16 13:07:00,18.95,2,0,653
2021-07-16 13:08:00,18.95,47,1,654
2021-07-16 13:08:00,18.94,3,1,655
2021-07-16 13:08:00,18.94,9,1,656
2021-07-16 13:08:00,18.94,11,1,657
2021-07-16 13:08:00,18.94,21,1,658
2021-07-16 13:08:00,18.93,54,1,659
2021-07-16 13:08:00,18.93,16,1,660
2021-07-16 13:08:00,18.93,2,1,661
2021-07-16 13:08:00,18.93,3,1,662
2021-07-16 13:08:00,18.93,4,1,663
2021-07-16 13:08:00,18.94,3,0,664
2021-07-16 13:08:00,18.93,65,1,665
2021-07-16 13:09:00,18.93,5,0,666
2021-07-16 13:09:00,18.93,1,0,667
2021-07-16 13:09:00,18.92,6,1,668
2021-07-16 13:09:00,18.92,5,1,669
2021-07-16 13:09:00,18.92,41,1,670
2021-07-16 13:09:00,18.92,38,1,671
2021-07-16 13:09:00,18.92,5,0,672
2021-07-16 13:09:00,18.9,81,1,673
2021-07-16 13:09:00,18.9,25,1,674
2021-07-16 13:09:00,18.91,22,0,675
2021-07-16 13:09:00,18.91,12,0,676
2021-07-16 13:09:00,18.91,26,0,677
2021-07-16 13:10:00,18.91,18,1,678
2021-07-16 13:10:00,18.91,2,0,679
2021-07-16 13:10:00,18.9,76,1,680
2021-07-16 13:10:00,18.9,4,1,681
2021-07-16 13:10:00,18.9,1,1,682
2021-07-16 13:10:00,18.91,45,2,683
2021-07-16 13:10:00,18.9,36,1,684
2021-07-16 13:10:00,18.9,6,1,685
2021-07-16 13:10:00,18.9,3,1,686
2021-07-16 13:11:00,18.9,17,1,687
2021-07-16 13:11:00,18.91,15,0,688
2021-07-16 13:11:00,18.91,51,0,689
2021-07-16 13:11:00,18.9,1,1,690
2021-07-16 13:11:00,18.9,20,1,691
2021-07-16 13:11:00,18.91,1,0,692
2021-07-16 13:11:00,18.91,24,0,693
2021-07-16 13:11:00,18.91,15,0,694
2021-07-16 13:11:00,18.9,1,1,695
2021-07-16 13:11:00,18.91,2,0,696
2021-07-16 13:11:00,18.9,21,1,697
2021-07-16 13:11:00,18.91,10,0,698
2021-07-16 13:12:00,18.91,11,0,699
2021-07-16 13:12:00,18.91,4,0,700
2021-07-16 13:12:00,18.9,32,1,701
2021-07-16 13:12:00,18.9,1,1,702
2021-07-16 13:12:00,18.9,7,1,703
2021-07-16 13:12:00,18.92,1,0,704
2021-07-16 13:12:00,18.9,65,1,705
2021-07-16 13:12:00,18.9,16,1,706
2021-07-16 13:12:00,18.9,10,1,707
2021-07-16 13:12:00,18.89,26,1,708
2021-07-16 13:12:00,18.89,21,1,709
2021-07-16 13:13:00,18.9,5,0,710
2021-07-16 13:13:00,18.9,10,0,711
2021-07-16 13:13:00,18.9,7,1,712
2021-07-16 13:13:00,18.9,15,1,713
2021-07-16 13:13:00,18.9,1,0,714
2021-07-16 13:13:00,18.9,1,0,715
2021-07-16 13:13:00,18.89,11,1,716
2021-07-16 13:13:00,18.9,3,0,717
2021-07-16 13:13:00,18.89,10,1,718
2021-07-16 13:13:00,18.89,10,1,719
2021-07-16 13:13:00,18.89,41,1,720
2021-07-16 13:13:00,18.89,6,0,721
2021-07-16 13:13:00,18.89,11,0,722
2021-07-16 13:13:00,18.89,11,0,723
2021-07-16 13:14:00,18.89,2,1,724
2021-07-16 13:14:00,18.9,14,0,725
2021-07-16 13:14:00,18.9,6,1,726
2021-07-16 13:14:00,18.9,10,0,727
2021-07-16 13:14:00,18.9,13,0,728
2021-07-16 13:14:00,18.9,8,1,729
2021-07-16 13:15:00,18.91,51,0,730
2021-07-16 13:16:00,18.92,1,0,731
2021-07-16 13:16:00,18.92,13,0,732
2021-07-16 13:16:00,18.92,1,0,733
2021-07-16 13:16:00,18.92,5,0,734
2021-07-16 13:16:00,18.92,1,0,735
2021-07-16 13:17:00,18.91,11,1,736
2021-07-16 13:17:00,18.92,10,0,737
2021-07-16 13:17:00,18.91,9,1,738
2021-07-16 13:17:00,18.91,72,1,739
2021-07-16 13:17:00,18.91,2,1,740
2021-07-16 13:17:00,18.91,21,0,741
2021-07-16 13:17:00,18.91,13,0,742
2021-07-16 13:17:00,18.91,6,1,743
2021-07-16 13:18:00,18.91,6,1,744
2021-07-16 13:18:00,18.91,1,0,745
2021-07-16 13:18:00,18.91,20,0,746
2021-07-16 13:18:00,18.91,10,0,747
2021-07-16 13:18:00,18.91,8,0,748
2021-07-16 13:19:00,18.91,2,1,749
2021-07-16 13:19:00,18.91,4,1,750
2021-07-16 13:19:00,18.91,11,1,751
2021-07-16 13:19:00,18.91,10,0,752
2021-07-16 13:19:00,18.91,9,0,753
2021-07-16 13:20:00,18.91,5,0,754
2021-07-16 13:20:00,18.9,4,1,755
2021-07-16 13:20:00,18.91,1,0,756
2021-07-16 13:20:00,18.91,28,0,757
2021-07-16 13:21:00,18.91,6,1,758
2021-07-16 13:21:00,18.92,1,0,759
2021-07-16 13:21:00,18.92,1,1,760
2021-07-16 13:21:00,18.92,5,0,761
2021-07-16 13:21:00,18.91,12,1,762
2021-07-16 13:22:00,18.91,1,1,763
2021-07-16 13:22:00,18.91,9,1,764
2021-07-16 13:22:00,18.91,4,2,765
2021-07-16 13:22:00,18.91,1,1,766
2021-07-16 13:22:00,18.91,1,0,767
2021-07-16 13:22:00,18.91,1,0,768
2021-07-16 13:23:00,18.9,13,1,769
2021-07-16 13:24:00,18.9,13,1,770
2021-07-16 13:24:00,18.9,12,1,771
2021-07-16 13:24:00,18.9,1,1,772
2021-07-16 13:24:00,18.91,9,0,773
2021-07-16 13:24:00,18.91,3,0,774
2021-07-16 13:24:00,18.9,14,1,775
2021-07-16 13:24:00,18.9,2,1,776
2021-07-16 13:25:00,18.9,5,1,777
2021-07-16 13:25:00,18.9,11,1,778
2021-07-16 13:25:00,18.9,1,1,779
2021-07-16 13:26:00,18.9,45,1,780
2021-07-16 13:26:00,18.91,1,0,781
2021-07-16 13:26:00,18.91,2,0,782
2021-07-16 13:26:00,18.9,2,1,783
2021-07-16 13:26:00,18.91,20,0,784
2021-07-16 13:26:00,18.91,4,0,785
2021-07-16 13:26:00,18.91,4,0,786
2021-07-16 13:26:00,18.91,10,0,787
2021-07-16 13:27:00,18.91,1,0,788
2021-07-16 13:27:00,18.91,40,0,789
2021-07-16 13:27:00,18.91,3,1,790
2021-07-16 13:27:00,18.91,11,1,791
2021-07-16 13:27:00,18.91,9,0,792
2021-07-16 13:28:00,18.92,4,0,793
2021-07-16 13:28:00,18.91,2,1,794
2021-07-16 13:28:00,18.92,71,0,795
2021-07-16 13:28:00,18.92,6,1,796
2021-07-16 13:29:00,18.93,1,0,797
2021-07-16 13:29:00,18.93,64,0,798
2021-07-16 13:29:00,18.93,11,0,799
2021-07-16 13:29:00,18.93,2,0,800
2021-07-16 13:29:00,18.93,1,0,801
2021-07-16 13:29:00,18.93,1,0,802
2021-07-16 13:29:00,18.95,1,0,803
2021-07-16 13:30:00,18.95,5,0,804
2021-07-16 13:31:00,18.95,8,0,805
2021-07-16 13:31:00,18.95,10,1,806
2021-07-16 13:31:00,18.95,15,1,807
2021-07-16 13:31:00,18.95,4,1,808
2021-07-16 13:31:00,18.94,4,1,809
2021-07-16 13:32:00,18.93,13,1,810
2021-07-16 13:32:00,18.93,7,0,811
2021-07-16 13:32:00,18.92,10,1,812
2021-07-16 13:33:00,18.92,2,1,813
2021-07-16 13:33:00,18.93,5,0,814
2021-07-16 13:33:00,18.94,1,0,815
2021-07-16 13:33:00,18.93,1,1,816
2021-07-16 13:33:00,18.94,6,0,817
2021-07-16 13:34:00,18.93,4,1,818
2021-07-16 13:34:00,18.93,2,0,819
2021-07-16 13:35:00,18.93,5,0,820
2021-07-16 13:35:00,18.92,22,1,821
2021-07-16 13:35:00,18.93,1,0,822
2021-07-16 13:35:00,18.92,20,1,823
2021-07-16 13:35:00,18.92,11,1,824
2021-07-16 13:35:00,18.92,4,1,825
2021-07-16 13:36:00,18.92,2,1,826
2021-07-16 13:36:00,18.92,20,1,827
2021-07-16 13:37:00,18.92,6,1,828
2021-07-16 13:37:00,18.93,4,0,829
2021-07-16 13:37:00,18.92,7,1,830
2021-07-16 13:37:00,18.93,1,0,831
2021-07-16 13:37:00,18.93,13,0,832
2021-07-16 13:38:00,18.93,2,0,833
2021-07-16 13:38:00,18.92,3,1,834
2021-07-16 13:38:00,18.92,1,1,835
2021-07-16 13:39:00,18.92,40,1,836
2021-07-16 13:39:00,18.93,1,0,837
2021-07-16 13:39:00,18.92,7,1,838
2021-07-16 13:39:00,18.92,1,1,839
2021-07-16 13:40:00,18.92,1,1,840
2021-07-16 13:40:00,18.93,3,0,841
2021-07-16 13:41:00,18.92,29,1,842
2021-07-16 13:42:00,18.93,10,0,843
2021-07-16 13:42:00,18.92,2,1,844
2021-07-16 13:42:00,18.92,35,1,845
2021-07-16 13:42:00,18.92,2,0,846
2021-07-16 13:42:00,18.92,22,0,847
2021-07-16 13:42:00,18.91,20,1,848
2021-07-16 13:42:00,18.91,32,1,849
2021-07-16 13:42:00,18.91,32,1,850
2021-07-16 13:42:00,18.91,7,1,851
2021-07-16 13:43:00,18.91,10,1,852
2021-07-16 13:43:00,18.91,2,1,853
2021-07-16 13:43:00,18.9,5,1,854
2021-07-16 13:44:00,18.9,14,1,855
2021-07-16 13:44:00,18.9,29,1,856
2021-07-16 13:44:00,18.9,21,1,857
2021-07-16 13:44:00,18.9,65,1,858
2021-07-16 13:44:00,18.89,26,1,859
2021-07-16 13:44:00,18.89,57,1,860
2021-07-16 13:44:00,18.9,1,0,861
2021-07-16 13:44:00,18.89,8,1,862
2021-07-16 13:45:00,18.9,1,0,863
2021-07-16 13:45:00,18.89,1,1,864
2021-07-16 13:45:00,18.9,6,0,865
2021-07-16 13:45:00,18.9,4,0,866
2021-07-16 13:46:00,18.9,1,0,867
2021-07-16 13:46:00,18.9,11,0,868
2021-07-16 13:46:00,18.89,23,1,869
2021-07-16 13:46:00,18.89,62,1,870
2021-07-16 13:46:00,18.89,7,1,871
2021-07-16 13:46:00,18.89,1,1,872
2021-07-16 13:46:00,18.89,15,1,873
2021-07-16 13:47:00,18.89,34,1,874
2021-07-16 13:47:00,18.88,138,1,875
2021-07-16 13:47:00,18.88,25,1,876
2021-07-16 13:47:00,18.89,5,0,877
2021-07-16 13:47:00,18.88,20,1,878
2021-07-16 13:47:00,18.88,24,1,879
2021-07-16 13:47:00,18.88,22,1,880
2021-07-16 13:47:00,18.89,10,0,881
2021-07-16 13:47:00,18.88,1,1,882
2021-07-16 13:48:00,18.88,1,0,883
2021-07-16 13:48:00,18.88,1,0,884
2021-07-16 13:48:00,18.86,43,1,885
2021-07-16 13:48:00,18.86,3,0,886
2021-07-16 13:48:00,18.85,37,1,887
2021-07-16 13:48:00,18.86,52,0,888
2021-07-16 13:48:00,18.85,62,1,889
2021-07-16 13:48:00,18.86,6,0,890
2021-07-16 13:48:00,18.85,12,1,891
2021-07-16 13:48:00,18.85,14,1,892
2021-07-16 13:49:00,18.85,7,0,893
2021-07-16 13:49:00,18.85,17,0,894
2021-07-16 13:49:00,18.84,1,1,895
2021-07-16 13:49:00,18.85,2,0,896
2021-07-16 13:49:00,18.85,10,0,897
2021-07-16 13:49:00,18.84,19,1,898
2021-07-16 13:49:00,18.85,18,1,899
2021-07-16 13:49:00,18.85,10,0,900
2021-07-16 13:49:00,18.85,10,1,901
2021-07-16 13:49:00,18.85,1,0,902
2021-07-16 13:49:00,18.85,8,0,903
2021-07-16 13:49:00,18.85,1,0,904
2021-07-16 13:49:00,18.85,5,1,905
2021-07-16 13:50:00,18.85,4,1,906
2021-07-16 13:50:00,18.85,2,0,907
2021-07-16 13:50:00,18.85,3,0,908
2021-07-16 13:50:00,18.86,1,0,909
2021-07-16 13:50:00,18.86,25,0,910
2021-07-16 13:50:00,18.86,5,1,911
2021-07-16 13:50:00,18.86,5,1,912
2021-07-16 13:51:00,18.88,1,0,913
2021-07-16 13:51:00,18.87,4,1,914
2021-07-16 13:51:00,18.87,5,0,915
2021-07-16 13:51:00,18.87,1,0,916
2021-07-16 13:51:00,18.87,10,0,917
2021-07-16 13:51:00,18.87,33,0,918
2021-07-16 13:51:00,18.87,4,0,919
2021-07-16 13:51:00,18.86,4,1,920
2021-07-16 13:51:00,18.86,20,1,921
2021-07-16 13:52:00,18.87,15,0,922
2021-07-16 13:52:00,18.87,3,1,923
2021-07-16 13:52:00,18.87,1,1,924
2021-07-16 13:52:00,18.87,1,1,925
2021-07-16 13:52:00,18.87,2,0,926
2021-07-16 13:52:00,18.87,32,1,927
2021-07-16 13:52:00,18.88,15,0,928
2021-07-16 13:52:00,18.87,2,0,929
2021-07-16 13:53:00,18.87,3,1,930
2021-07-16 13:53:00,18.87,6,1,931
2021-07-16 13:54:00,18.88,4,0,932
2021-07-16 13:54:00,18.87,18,1,933
2021-07-16 13:54:00,18.88,1,0,934
2021-07-16 13:54:00,18.87,33,1,935
2021-07-16 13:54:00,18.87,18,1,936
2021-07-16 13:54:00,18.87,17,1,937
2021-07-16 13:54:00,18.87,1,1,938
2021-07-16 13:54:00,18.87,1,1,939
2021-07-16 13:54:00,18.87,5,1,940
2021-07-16 13:55:00,18.87,10,1,941
2021-07-16 13:55:00,18.87,5,0,942
2021-07-16 13:55:00,18.87,1,1,943
2021-07-16 13:55:00,18.87,1,1,944
2021-07-16 13:55:00,18.87,10,1,945
2021-07-16 13:55:00,18.87,6,1,946
2021-07-16 13:56:00,18.87,23,1,947
2021-07-16 13:56:00,18.87,12,1,948
2021-07-16 13:56:00,18.87,3,0,949
2021-07-16 13:56:00,18.87,2,0,950
2021-07-16 13:57:00,18.86,52,1,951
2021-07-16 13:57:00,18.85,73,1,952
2021-07-16 13:57:00,18.85,8,1,953
2021-07-16 13:57:00,18.85,14,1,954
2021-07-16 13:57:00,18.85,13,1,955
2021-07-16 13:57:00,18.85,10,1,956
2021-07-16 13:57:00,18.86,14,0,957
2021-07-16 13:57:00,18.85,11,1,958
2021-07-16 13:57:00,18.86,1,0,959
2021-07-16 13:57:00,18.85,3,1,960
2021-07-16 13:58:00,18.86,4,0,961
2021-07-16 13:58:00,18.86,32,0,962
2021-07-16 13:59:00,18.86,1,1,963
2021-07-16 13:59:00,18.86,13,1,964
2021-07-16 13:59:00,18.86,1,1,965
2021-07-16 13:59:00,18.86,3,1,966
2021-07-16 13:59:00,18.86,1,1,967
2021-07-16 13:59:00,18.86,1,1,968
2021-07-16 13:59:00,18.86,18,1,969
2021-07-16 13:59:00,18.86,8,1,970
2021-07-16 14:00:00,18.86,2,0,971
2021-07-16 14:00:00,18.86,2,1,972
2021-07-16 14:00:00,18.86,1,1,973
2021-07-16 14:01:00,18.86,3,1,974
2021-07-16 14:01:00,18.86,43,1,975
2021-07-16 14:01:00,18.85,52,1,976
2021-07-16 14:01:00,18.85,10,1,977
2021-07-16 14:01:00,18.85,18,1,978
2021-07-16 14:01:00,18.85,10,1,979
2021-07-16 14:01:00,18.84,13,1,980
2021-07-16 14:01:00,18.85,5,0,981
2021-07-16 14:01:00,18.85,1,0,982
2021-07-16 14:01:00,18.85,2,0,983
2021-07-16 14:01:00,18.84,6,1,984
2021-07-16 14:02:00,18.85,6,0,985
2021-07-16 14:02:00,18.84,3,1,986
2021-07-16 14:02:00,18.84,10,1,987
2021-07-16 14:02:00,18.84,13,1,988
2021-07-16 14:03:00,18.84,9,1,989
2021-07-16 14:03:00,18.85,5,0,990
2021-07-16 14:03:00,18.85,26,0,991
2021-07-16 14:03:00,18.85,10,1,992
2021-07-16 14:03:00,18.85,14,1,993
2021-07-16 14:03:00,18.85,21,0,994
2021-07-16 14:04:00,18.85,5,0,995
2021-07-16 14:04:00,18.85,11,0,996
2021-07-16 14:04:00,18.85,1,0,997
2021-07-16 14:04:00,18.84,8,1,998
2021-07-16 14:04:00,18.85,2,0,999
2021-07-16 14:04:00,18.84,4,1,1000
2021-07-16 14:04:00,18.84,20,1,1001
2021-07-16 14:05:00,18.84,2,1,1002
2021-07-16 14:05:00,18.84,8,1,1003
2021-07-16 14:05:00,18.84,4,1,1004
2021-07-16 14:05:00,18.84,10,1,1005
2021-07-16 14:05:00,18.84,12,1,1006
2021-07-16 14:05:00,18.85,41,0,1007
2021-07-16 14:05:00,18.85,37,1,1008
2021-07-16 14:05:00,18.86,5,0,1009
2021-07-16 14:06:00,18.85,10,1,1010
2021-07-16 14:06:00,18.86,10,0,1011
2021-07-16 14:06:00,18.86,2,1,1012
2021-07-16 14:06:00,18.86,4,1,1013
2021-07-16 14:07:00,18.85,31,1,1014
2021-07-16 14:07:00,18.85,8,1,1015
2021-07-16 14:07:00,18.85,6,1,1016
2021-07-16 14:07:00,18.85,6,1,1017
2021-07-16 14:07:00,18.85,13,1,1018
2021-07-16 14:07:00,18.85,19,1,1019
2021-07-16 14:07:00,18.85,29,1,1020
2021-07-16 14:07:00,18.85,1,1,1021
2021-07-16 14:08:00,18.85,28,1,1022
2021-07-16 14:08:00,18.85,15,1,1023
2021-07-16 14:09:00,18.84,62,1,1024
2021-07-16 14:09:00,18.84,10,0,1025
2021-07-16 14:09:00,18.84,0,0,1026
2021-07-16 14:10:00,18.85,5,0,1027
2021-07-16 14:10:00,18.85,10,0,1028
2021-07-16 14:10:00,18.85,15,0,1029
2021-07-16 14:10:00,18.85,9,1,1030
2021-07-16 14:10:00,18.85,11,0,1031
2021-07-16 14:11:00,18.85,7,2,1032
2021-07-16 14:11:00,18.85,3,1,1033
2021-07-16 14:11:00,18.85,20,0,1034
2021-07-16 14:11:00,18.84,2,1,1035
2021-07-16 14:11:00,18.84,1,1,1036
2021-07-16 14:12:00,18.85,1,0,1037
2021-07-16 14:12:00,18.84,89,1,1038
2021-07-16 14:12:00,18.84,9,1,1039
2021-07-16 14:12:00,18.84,3,1,1040
2021-07-16 14:12:00,18.83,20,1,1041
2021-07-16 14:13:00,18.83,16,1,1042
2021-07-16 14:13:00,18.83,31,1,1043
2021-07-16 14:13:00,18.83,21,1,1044
2021-07-16 14:13:00,18.83,4,0,1045
2021-07-16 14:13:00,18.83,3,0,1046
2021-07-16 14:13:00,18.83,7,0,1047
2021-07-16 14:14:00,18.83,8,0,1048
2021-07-16 14:14:00,18.83,10,1,1049
2021-07-16 14:14:00,18.83,14,1,1050
2021-07-16 14:14:00,18.83,6,0,1051
2021-07-16 14:14:00,18.83,3,1,1052
2021-07-16 14:14:00,18.83,4,0,1053
2021-07-16 14:14:00,18.83,5,1,1054
2021-07-16 14:14:00,18.83,14,1,1055
2021-07-16 14:14:00,18.83,6,0,1056
2021-07-16 14:14:00,18.83,6,1,1057
2021-07-16 14:15:00,18.83,7,1,1058
2021-07-16 14:15:00,18.84,1,0,1059
2021-07-16 14:15:00,18.84,31,0,1060
2021-07-16 14:16:00,18.84,14,0,1061
2021-07-16 14:16:00,18.83,8,1,1062
2021-07-16 14:16:00,18.83,10,1,1063
2021-07-16 14:16:00,18.83,4,1,1064
2021-07-16 14:16:00,18.84,26,0,1065
2021-07-16 14:16:00,18.85,4,0,1066
2021-07-16 14:16:00,18.84,11,1,1067
2021-07-16 14:16:00,18.85,4,0,1068
2021-07-16 14:16:00,18.85,5,0,1069
2021-07-16 14:17:00,18.85,10,0,1070
2021-07-16 14:17:00,18.84,13,1,1071
2021-07-16 14:17:00,18.84,25,1,1072
2021-07-16 14:17:00,18.84,10,0,1073
2021-07-16 14:18:00,18.84,1,0,1074
2021-07-16 14:18:00,18.83,2,1,1075
2021-07-16 14:18:00,18.84,1,0,1076
2021-07-16 14:18:00,18.83,5,1,1077
2021-07-16 14:18:00,18.83,30,1,1078
2021-07-16 14:18:00,18.83,13,1,1079
2021-07-16 14:18:00,18.83,5,1,1080
2021-07-16 14:19:00,18.83,22,1,1081
2021-07-16 14:19:00,18.83,4,1,1082
2021-07-16 14:19:00,18.84,2,0,1083
2021-07-16 14:19:00,18.83,2,1,1084
2021-07-16 14:19:00,18.83,20,1,1085
2021-07-16 14:19:00,18.83,6,1,1086
2021-07-16 14:20:00,18.84,10,0,1087
2021-07-16 14:20:00,18.84,2,0,1088
2021-07-16 14:20:00,18.84,2,0,1089
2021-07-16 14:20:00,18.84,1,0,1090
2021-07-16 14:21:00,18.85,10,0,1091
2021-07-16 14:22:00,18.85,3,0,1092
2021-07-16 14:22:00,18.84,14,1,1093
2021-07-16 14:22:00,18.85,4,0,1094
2021-07-16 14:22:00,18.84,5,1,1095
2021-07-16 14:23:00,18.84,33,1,1096
2021-07-16 14:23:00,18.84,3,1,1097
2021-07-16 14:23:00,18.84,20,1,1098
2021-07-16 14:23:00,18.84,1,0,1099
2021-07-16 14:24:00,18.83,10,1,1100
2021-07-16 14:24:00,18.84,62,0,1101
2021-07-16 14:25:00,18.84,15,0,1102
2021-07-16 14:25:00,18.84,1,0,1103
2021-07-16 14:25:00,18.84,52,1,1104
2021-07-16 14:25:00,18.84,5,0,1105
2021-07-16 14:25:00,18.83,2,1,1106
2021-07-16 14:25:00,18.84,2,0,1107
2021-07-16 14:25:00,18.84,4,0,1108
2021-07-16 14:26:00,18.84,1,1,1109
2021-07-16 14:26:00,18.83,43,1,1110
2021-07-16 14:26:00,18.83,2,1,1111
2021-07-16 14:26:00,18.83,75,1,1112
2021-07-16 14:27:00,18.84,15,0,1113
2021-07-16 14:27:00,18.84,10,1,1114
2021-07-16 14:27:00,18.84,8,1,1115
2021-07-16 14:27:00,18.83,2,1,1116
2021-07-16 14:28:00,18.83,24,1,1117
2021-07-16 14:28:00,18.83,11,0,1118
2021-07-16 14:28:00,18.83,1,1,1119
2021-07-16 14:28:00,18.83,5,1,1120
2021-07-16 14:28:00,18.83,4,1,1121
2021-07-16 14:28:00,18.83,1,0,1122
2021-07-16 14:28:00,18.83,39,0,1123
2021-07-16 14:29:00,18.84,4,0,1124
2021-07-16 14:29:00,18.83,1,1,1125
2021-07-16 14:29:00,18.84,11,0,1126
2021-07-16 14:29:00,18.83,1,1,1127
2021-07-16 14:29:00,18.84,6,0,1128
2021-07-16 14:29:00,18.85,12,0,1129
2021-07-16 14:29:00,18.84,10,1,1130
2021-07-16 14:30:00,18.85,24,0,1131
2021-07-16 14:30:00,18.85,25,1,1132
2021-07-16 14:30:00,18.85,1,1,1133
2021-07-16 14:30:00,18.85,37,1,1134
2021-07-16 14:30:00,18.86,45,0,1135
2021-07-16 14:30:00,18.86,7,1,1136
2021-07-16 14:30:00,18.86,1,1,1137
2021-07-16 14:31:00,18.87,3,0,1138
2021-07-16 14:31:00,18.87,2,0,1139
2021-07-16 14:31:00,18.87,2,0,1140
2021-07-16 14:31:00,18.87,1,0,1141
2021-07-16 14:31:00,18.86,1,1,1142
2021-07-16 14:31:00,18.87,2,0,1143
2021-07-16 14:31:00,18.86,10,1,1144
2021-07-16 14:31:00,18.87,1,0,1145
2021-07-16 14:32:00,18.87,3,0,1146
2021-07-16 14:32:00,18.87,1,0,1147
2021-07-16 14:33:00,18.87,10,0,1148
2021-07-16 14:33:00,18.87,10,0,1149
2021-07-16 14:33:00,18.87,16,0,1150
2021-07-16 14:33:00,18.87,1,0,1151
2021-07-16 14:34:00,18.87,3,0,1152
2021-07-16 14:34:00,18.86,1,1,1153
2021-07-16 14:34:00,18.85,12,1,1154
2021-07-16 14:35:00,18.85,2,1,1155
2021-07-16 14:35:00,18.85,19,1,1156
2021-07-16 14:35:00,18.85,1,0,1157
2021-07-16 14:36:00,18.85,1,1,1158
2021-07-16 14:36:00,18.84,19,1,1159
2021-07-16 14:36:00,18.84,5,1,1160
2021-07-16 14:37:00,18.84,6,1,1161
2021-07-16 14:38:00,18.84,26,1,1162
2021-07-16 14:38:00,18.85,1,0,1163
2021-07-16 14:38:00,18.85,5,0,1164
2021-07-16 14:38:00,18.85,2,0,1165
2021-07-16 14:38:00,18.85,9,1,1166
2021-07-16 14:38:00,18.85,2,0,1167
2021-07-16 14:38:00,18.84,143,1,1168
2021-07-16 14:38:00,18.84,3,1,1169
2021-07-16 14:39:00,18.84,8,1,1170
2021-07-16 14:39:00,18.83,60,1,1171
2021-07-16 14:39:00,18.85,1,0,1172
2021-07-16 14:39:00,18.84,3,2,1173
2021-07-16 14:39:00,18.84,4,1,1174
2021-07-16 14:40:00,18.84,1,1,1175
2021-07-16 14:40:00,18.84,3,1,1176
2021-07-16 14:40:00,18.83,36,1,1177
2021-07-16 14:40:00,18.83,6,1,1178
2021-07-16 14:40:00,18.83,5,1,1179
2021-07-16 14:40:00,18.84,8,0,1180
2021-07-16 14:40:00,18.84,4,1,1181
2021-07-16 14:40:00,18.84,7,1,1182
2021-07-16 14:41:00,18.84,1,1,1183
2021-07-16 14:41:00,18.85,10,0,1184
2021-07-16 14:42:00,18.85,1,0,1185
2021-07-16 14:42:00,18.84,1,1,1186
2021-07-16 14:42:00,18.84,3,1,1187
2021-07-16 14:43:00,18.84,5,1,1188
2021-07-16 14:43:00,18.84,1,1,1189
2021-07-16 14:43:00,18.84,1,1,1190
2021-07-16 14:43:00,18.85,15,0,1191
2021-07-16 14:44:00,18.84,9,1,1192
2021-07-16 14:44:00,18.84,2,1,1193
2021-07-16 14:44:00,18.85,5,0,1194
2021-07-16 14:44:00,18.85,15,0,1195
2021-07-16 14:45:00,18.85,10,1,1196
2021-07-16 14:45:00,18.85,43,1,1197
2021-07-16 14:45:00,18.85,3,1,1198
2021-07-16 14:45:00,18.85,20,1,1199
2021-07-16 14:45:00,18.84,20,1,1200
2021-07-16 14:45:00,18.85,3,0,1201
2021-07-16 14:45:00,18.85,3,0,1202
2021-07-16 14:46:00,18.85,61,0,1203
2021-07-16 14:46:00,18.85,13,1,1204
2021-07-16 14:46:00,18.85,10,0,1205
2021-07-16 14:46:00,18.85,43,0,1206
2021-07-16 14:47:00,18.84,5,1,1207
2021-07-16 14:47:00,18.85,7,0,1208
2021-07-16 14:47:00,18.85,6,0,1209
2021-07-16 14:47:00,18.85,4,0,1210
2021-07-16 14:47:00,18.84,1,1,1211
2021-07-16 14:47:00,18.85,14,0,1212
2021-07-16 14:47:00,18.84,8,1,1213
2021-07-16 14:47:00,18.84,5,1,1214
2021-07-16 14:47:00,18.85,1,0,1215
2021-07-16 14:47:00,18.84,5,1,1216
2021-07-16 14:47:00,18.85,1,0,1217
2021-07-16 14:48:00,18.84,3,1,1218
2021-07-16 14:48:00,18.84,4,1,1219
2021-07-16 14:48:00,18.84,6,1,1220
2021-07-16 14:48:00,18.85,3,0,1221
2021-07-16 14:48:00,18.85,7,0,1222
2021-07-16 14:48:00,18.85,2,0,1223
2021-07-16 14:48:00,18.84,2,1,1224
2021-07-16 14:49:00,18.84,1,1,1225
2021-07-16 14:49:00,18.84,16,1,1226
2021-07-16 14:49:00,18.84,1,1,1227
2021-07-16 14:49:00,18.84,10,1,1228
2021-07-16 14:49:00,18.84,4,1,1229
2021-07-16 14:49:00,18.84,69,1,1230
2021-07-16 14:49:00,18.84,10,1,1231
2021-07-16 14:49:00,18.84,10,0,1232
2021-07-16 14:50:00,18.84,16,1,1233
2021-07-16 14:50:00,18.84,7,1,1234
2021-07-16 14:50:00,18.85,102,0,1235
2021-07-16 14:50:00,18.84,30,1,1236
2021-07-16 14:50:00,18.85,3,1,1237
2021-07-16 14:50:00,18.85,9,0,1238
2021-07-16 14:50:00,18.85,63,0,1239
2021-07-16 14:51:00,18.85,14,0,1240
2021-07-16 14:51:00,18.84,59,1,1241
2021-07-16 14:51:00,18.85,5,0,1242
2021-07-16 14:51:00,18.84,20,1,1243
2021-07-16 14:51:00,18.84,6,1,1244
2021-07-16 14:51:00,18.84,6,1,1245
2021-07-16 14:51:00,18.84,1,1,1246
2021-07-16 14:51:00,18.84,30,1,1247
2021-07-16 14:51:00,18.84,5,1,1248
2021-07-16 14:51:00,18.84,2,1,1249
2021-07-16 14:51:00,18.84,11,1,1250
2021-07-16 14:52:00,18.84,23,1,1251
2021-07-16 14:52:00,18.84,8,1,1252
2021-07-16 14:52:00,18.85,19,0,1253
2021-07-16 14:52:00,18.85,80,0,1254
2021-07-16 14:52:00,18.85,52,0,1255
2021-07-16 14:52:00,18.84,5,1,1256
2021-07-16 14:52:00,18.85,19,0,1257
2021-07-16 14:53:00,18.84,5,1,1258
2021-07-16 14:53:00,18.85,1,0,1259
2021-07-16 14:53:00,18.85,1,0,1260
2021-07-16 14:53:00,18.85,20,0,1261
2021-07-16 14:53:00,18.85,3,0,1262
2021-07-16 14:53:00,18.85,10,0,1263
2021-07-16 14:53:00,18.85,10,0,1264
2021-07-16 14:53:00,18.85,3,0,1265
2021-07-16 14:53:00,18.85,2,0,1266
2021-07-16 14:53:00,18.85,11,0,1267
2021-07-16 14:53:00,18.85,10,0,1268
2021-07-16 14:53:00,18.85,1,0,1269
2021-07-16 14:53:00,18.86,7,0,1270
2021-07-16 14:54:00,18.85,2,1,1271
2021-07-16 14:54:00,18.85,8,1,1272
2021-07-16 14:54:00,18.85,21,1,1273
2021-07-16 14:54:00,18.85,15,0,1274
2021-07-16 14:54:00,18.85,1,0,1275
2021-07-16 14:54:00,18.85,28,0,1276
2021-07-16 14:54:00,18.85,5,0,1277
2021-07-16 14:54:00,18.84,17,1,1278
2021-07-16 14:54:00,18.84,5,1,1279
2021-07-16 14:54:00,18.85,3,0,1280
2021-07-16 14:55:00,18.84,20,1,1281
2021-07-16 14:55:00,18.84,17,1,1282
2021-07-16 14:55:00,18.84,5,1,1283
2021-07-16 14:55:00,18.84,15,1,1284
2021-07-16 14:55:00,18.84,12,1,1285
2021-07-16 14:55:00,18.84,13,1,1286
2021-07-16 14:55:00,18.84,9,1,1287
2021-07-16 14:55:00,18.84,21,1,1288
2021-07-16 14:55:00,18.84,16,1,1289
2021-07-16 14:55:00,18.84,43,1,1290
2021-07-16 14:55:00,18.84,1,0,1291
2021-07-16 14:55:00,18.85,23,0,1292
2021-07-16 14:55:00,18.83,12,1,1293
2021-07-16 14:55:00,18.84,2,0,1294
2021-07-16 14:55:00,18.84,4,1,1295
2021-07-16 14:55:00,18.84,36,0,1296
2021-07-16 14:56:00,18.83,3,1,1297
2021-07-16 14:56:00,18.84,3,0,1298
2021-07-16 14:56:00,18.84,21,0,1299
2021-07-16 14:56:00,18.83,17,1,1300
2021-07-16 14:56:00,18.83,52,1,1301
2021-07-16 14:56:00,18.83,95,1,1302
2021-07-16 14:56:00,18.83,2,0,1303
2021-07-16 14:56:00,18.83,35,0,1304
2021-07-16 14:56:00,18.83,34,0,1305
2021-07-16 14:56:00,18.82,36,1,1306
2021-07-16 14:57:00,18.84,29,0,1307
2021-07-16 15:00:00,18.85,559,2,1308
